	mm_Bergmann glial cell	mm_Cajal-Retzius cell	mm_D1/D2-hybrid medium spiny neuron	mm_GABAergic neuron	mm_Island of Calleja granule cell	mm_L2 intratelencephalic projecting glutamatergic neuron	mm_L2/3 intratelencephalic projecting glutamatergic neuron	mm_L4/5 intratelencephalic projecting glutamatergic neuron	mm_L5 extratelencephalic projecting glutamatergic cortical neuron	mm_L5 intratelencephalic projecting glutamatergic neuron	mm_L6 corticothalamic-projecting glutamatergic cortical neuron	mm_L6 intratelencephalic projecting glutamatergic neuron	mm_L6b glutamatergic cortical neuron	mm_Lamp5 Lhx6 neuron	mm_Purkinje cell	mm_amygdala excitatory neuron	mm_arachnoid barrier cell	mm_astrocyte	mm_astrocyte of the cerebellum	mm_astrocyte of the cerebral cortex	mm_astrocyte of the forebrain	mm_border associated macrophage	mm_brain pericyte	mm_cartwheel cell	mm_caudal ganglionic eminence derived interneuron	mm_cerebellar Golgi cell	mm_cerebellar granule cell	mm_cerebellar inhibitory GABAergic interneuron	mm_cerebellar neuron	mm_cerebellum glutamatergic neuron	mm_chandelier pvalb GABAergic cortical interneuron	mm_cholinergic neuron	mm_choroid plexus epithelial cell	mm_corticothalamic-projecting glutamatergic cortical neuron	mm_dendritic cell	mm_dentate gyrus of hippocampal formation granule cell	mm_direct pathway medium spiny neuron	mm_endothelial cell	mm_ependymal cell	mm_ependymoglial cell	mm_glutamatergic neuron	mm_gonadotropin releasing neuron	mm_hippocampal CA1-3 neuron	mm_hypendymal cell	mm_indirect pathway medium spiny neuron	mm_intratelencephalic-projecting glutamatergic cortical neuron	mm_lamp5 GABAergic cortical interneuron	mm_lymphocyte	mm_mammillary body neuron	mm_medial ganglionic eminence derived GABAergic cortical interneuron	mm_medium spiny neuron	mm_microglial cell	mm_midbrain dopaminergic neuron	mm_monocyte	mm_near-projecting glutamatergic cortical neuron	mm_neuron	mm_nucleus accumbens shell and olfactory tubercle D1 medium spiny neuron	mm_olfactory bulb interneuron	mm_olfactory ensheathing cell	mm_olfactory granule cell	mm_oligodendrocyte	mm_oligodendrocyte precursor cell	mm_periglomerular cell	mm_pinealocyte	mm_pvalb GABAergic cortical interneuron	mm_raphe nuclei neuron	mm_sncg GABAergic cortical interneuron	mm_sst GABAergic cortical interneuron	mm_sst chodl GABAergic cortical interneuron	mm_tanycyte	mm_thalamic excitatory neuron	mm_unipolar brush cell	mm_vascular associated smooth muscle cell	mm_vascular leptomeningeal cell	mm_vip GABAergic cortical interneuron	hs_B cell	hs_L2/3 intratelencephalic projecting glutamatergic neuron	hs_L4 intratelencephalic projecting glutamatergic neuron	hs_L5 extratelencephalic projecting glutamatergic cortical neuron	hs_L5 intratelencephalic projecting glutamatergic neuron	hs_L5/6 near-projecting glutamatergic neuron	hs_L6 corticothalamic-projecting glutamatergic cortical neuron	hs_L6 intratelencephalic projecting Car3 glutamatergic neuron	hs_L6 intratelencephalic projecting glutamatergic neuron	hs_L6b glutamatergic cortical neuron	hs_Lamp5 Lhx6 neuron	hs_PAX6 GABAergic cortical interneuron	hs_Purkinje cell	hs_T cell	hs_amygdala excitatory neuron	hs_caudal ganglionic eminence derived GABAergic cortical interneuron	hs_cell	hs_cerebellar granule cell	hs_cerebellar inhibitory GABAergic interneuron	hs_cerebral cortex neuron	hs_chandelier cell	hs_dentate gyrus granule cell	hs_direct pathway medium spiny neuron	hs_eccentric medium spiny neuron	hs_hippocampal CA1-3 neuron	hs_hippocampal CA4 neuron	hs_indirect pathway medium spiny neuron	hs_intratelencephalic-projecting glutamatergic cortical neuron	hs_lamp5 GABAergic cortical interneuron	hs_mammillary body neuron	hs_medium spiny neuron	hs_midbrain-derived inhibitory neuron	hs_molecular layer interneuron	hs_monocyte	hs_natural killer cell	hs_near-projecting glutamatergic cortical neuron	hs_neuron	hs_pvalb GABAergic cortical interneuron	hs_sncg GABAergic cortical interneuron	hs_sst GABAergic cortical interneuron	hs_sst chodl GABAergic cortical interneuron	hs_thalamic excitatory neuron	hs_unipolar brush cell	hs_vip GABAergic cortical interneuron	hs_von Economo neuron
mm_Bergmann glial cell	0.0	0.0	0.0	0.0	0.0	0.0	0.0	0.0	0.0	0.0	0.0	0.0	0.0	0.0	0.0	0.0	0.0	0.0	0.0	0.0	0.0	0.0	0.0	0.0	0.0	0.0	0.0	0.0	0.0	0.0	0.0	0.0	0.0	0.0	0.0	0.0	0.0	0.0	0.0	0.0	0.0	0.0	0.0	0.0	0.0	0.0	0.0	0.0	0.0	0.0	0.0	0.0	0.0	0.0	0.0	0.0	0.0	0.0	0.0	0.0	0.0	0.0	0.0	0.0	0.0	0.0	0.0	0.0	0.0	0.0	0.0	0.0	0.0	0.0	0.0	0.0	0.0	0.0	0.0	0.0	0.0	0.0	0.0	0.0	0.0	0.0	0.0	0.0	0.0	0.0	0.0	0.0	0.0	0.0	0.0	0.0	0.0	0.0	0.0	0.0	0.0	0.0	0.0	0.0	0.0	0.0	0.0	0.0	0.0	0.0	0.0	0.35376117225532466	0.0	0.0	8.534610036831695e-05	0.0	0.0	0.08040488800480707	9.563381218855518e-05	0.0
mm_Cajal-Retzius cell	0.0	0.0	0.0	0.0	0.0	0.0	0.0	0.0	0.0	0.0	0.0	0.0	0.0	0.0	0.0	0.0	0.0	0.0	0.0	0.0	0.0	0.0	0.0	0.0	0.0	0.0	0.0	0.0	0.0	0.0	0.0	0.0	0.0	0.0	0.0	0.0	0.0	0.0	0.0	0.0	0.0	0.0	0.0	0.0	0.0	0.0	0.0	0.0	0.0	0.0	0.0	0.0	0.0	0.0	0.0	0.0	0.0	0.0	0.0	0.0	0.0	0.0	0.0	0.0	0.0	0.0	0.0	0.0	0.0	0.0	0.0	0.0	0.0	0.0	0.0	0.0	2.7127248837929065e-07	0.0	0.0	0.0	0.0	0.0	0.0	0.0	0.0	3.8115621861303117e-06	0.00034271666474246633	0.0	0.0	1.916457571402568e-06	0.0	0.002108010008885949	0.02344169177730267	0.0	0.0	0.0	0.0	0.0	0.0	0.0	6.952992917553971e-05	0.0	0.0	0.003336766899493251	0.0	0.0	0.0	0.0	0.0	0.0	0.0	0.7490967313249776	0.0	1.8417770183349266e-05	0.0020155738025218863	0.0	0.0	0.0	0.0021056204589278427	0.0
mm_D1/D2-hybrid medium spiny neuron	0.0	0.0	0.0	0.0	0.0	0.0	0.0	0.0	0.0	0.0	0.0	0.0	0.0	0.0	0.0	0.0	0.0	0.0	0.0	0.0	0.0	0.0	0.0	0.0	0.0	0.0	0.0	0.0	0.0	0.0	0.0	0.0	0.0	0.0	0.0	0.0	0.0	0.0	0.0	0.0	0.0	0.0	0.0	0.0	0.0	0.0	0.0	0.0	0.0	0.0	0.0	0.0	0.0	0.0	0.0	0.0	0.0	0.0	0.0	0.0	0.0	0.0	0.0	0.0	0.0	0.0	0.0	0.0	0.0	0.0	0.0	0.0	0.0	0.0	0.0	0.0	0.0	0.0	0.0	0.0	0.0	0.0	0.0	0.0	0.0	0.0	0.0	0.0	0.0	0.00019847229003940693	0.0	0.0	0.0	0.0	0.0	0.0	0.0	0.038455308208784685	0.8171404595765722	0.0	0.0	0.0004584331106136502	0.0	2.385302933628561e-05	0.0	0.006973767412412438	0.0	0.0	0.0	0.0	0.0	3.222748263311697e-07	0.0	0.0	0.0	0.0	0.0	0.0	0.0	0.0
mm_GABAergic neuron	0.0	0.0	0.0	0.0	0.0	0.0	0.0	0.0	0.0	0.0	0.0	0.0	0.0	0.0	0.0	0.0	0.0	0.0	0.0	0.0	0.0	0.0	0.0	0.0	0.0	0.0	0.0	0.0	0.0	0.0	0.0	0.0	0.0	0.0	0.0	0.0	0.0	0.0	0.0	0.0	0.0	0.0	0.0	0.0	0.0	0.0	0.0	0.0	0.0	0.0	0.0	0.0	0.0	0.0	0.0	0.0	0.0	0.0	0.0	0.0	0.0	0.0	0.0	0.0	0.0	0.0	0.0	0.0	0.0	0.0	0.0	0.0	0.0	0.0	0.0	0.0	1.7555717866862807e-05	0.0	0.0	0.0	0.0	0.0	0.0	0.0	4.847775132552694e-06	0.0	0.0	0.0	0.0	0.0002252920668395764	0.043904794203788976	0.0022926358707205854	0.0	1.8151846686392912e-05	0.0	1.3226894621610457e-05	4.8469845046722156e-06	0.02956072875858104	0.018268773821798832	2.0492728184316315e-05	0.0	0.013412763002719425	0.0	0.0276277211723694	0.0	0.19269588969090895	0.9059673062108635	0.0	0.0	0.0	0.0	0.8477767056650508	0.000150608078687092	0.0010272182099583494	0.0009458470560824615	0.002692549752693048	2.980965848653839e-05	0.0	0.0004921813301514475	0.0
mm_Island of Calleja granule cell	0.0	0.0	0.0	0.0	0.0	0.0	0.0	0.0	0.0	0.0	0.0	0.0	0.0	0.0	0.0	0.0	0.0	0.0	0.0	0.0	0.0	0.0	0.0	0.0	0.0	0.0	0.0	0.0	0.0	0.0	0.0	0.0	0.0	0.0	0.0	0.0	0.0	0.0	0.0	0.0	0.0	0.0	0.0	0.0	0.0	0.0	0.0	0.0	0.0	0.0	0.0	0.0	0.0	0.0	0.0	0.0	0.0	0.0	0.0	0.0	0.0	0.0	0.0	0.0	0.0	0.0	0.0	0.0	0.0	0.0	0.0	0.0	0.0	0.0	0.0	0.0	0.0	0.0	0.0	0.0	0.0	0.0	0.0	0.0	0.0	0.0	0.0	0.0	0.0	0.00011293972888432083	0.0	0.0	0.0	0.0	0.0	0.0	0.0	0.8354779330221943	0.008254480368230293	0.0	0.0	4.2207396310142544e-05	0.0	0.0006397550063708908	0.0	0.0265704877580721	0.0	0.0	0.0	0.0	0.0	0.0007853414575125014	0.00012144704256576461	0.0	0.00020168183524708942	5.164285041678215e-05	0.0	0.0	0.0	0.0
mm_L2 intratelencephalic projecting glutamatergic neuron	0.0	0.0	0.0	0.0	0.0	0.0	0.0	0.0	0.0	0.0	0.0	0.0	0.0	0.0	0.0	0.0	0.0	0.0	0.0	0.0	0.0	0.0	0.0	0.0	0.0	0.0	0.0	0.0	0.0	0.0	0.0	0.0	0.0	0.0	0.0	0.0	0.0	0.0	0.0	0.0	0.0	0.0	0.0	0.0	0.0	0.0	0.0	0.0	0.0	0.0	0.0	0.0	0.0	0.0	0.0	0.0	0.0	0.0	0.0	0.0	0.0	0.0	0.0	0.0	0.0	0.0	0.0	0.0	0.0	0.0	0.0	0.0	0.0	0.0	0.0	0.0	0.0264698502129986	0.0019421915194479376	9.493502752786402e-05	0.018506577288227258	0.0	0.0	0.00018250374210851118	0.00022771348097838992	0.0	0.0	0.0	0.0	0.0	0.008291502383671824	0.0	0.4136656554082595	0.0	0.0	0.00025372360223554753	0.0	0.0	1.686645487369606e-05	0.0	0.017064241420321896	0.0	0.0	0.01223105546397083	2.304272392370544e-05	0.0	0.0	0.0	0.0	0.0	0.0	0.0	0.00018214924407892688	0.0	0.0	0.0	0.0	0.0	0.0	0.0	0.0005062402011058897
mm_L2/3 intratelencephalic projecting glutamatergic neuron	0.0	0.0	0.0	0.0	0.0	0.0	0.0	0.0	0.0	0.0	0.0	0.0	0.0	0.0	0.0	0.0	0.0	0.0	0.0	0.0	0.0	0.0	0.0	0.0	0.0	0.0	0.0	0.0	0.0	0.0	0.0	0.0	0.0	0.0	0.0	0.0	0.0	0.0	0.0	0.0	0.0	0.0	0.0	0.0	0.0	0.0	0.0	0.0	0.0	0.0	0.0	0.0	0.0	0.0	0.0	0.0	0.0	0.0	0.0	0.0	0.0	0.0	0.0	0.0	0.0	0.0	0.0	0.0	0.0	0.0	0.0	0.0	0.0	0.0	0.0	0.0	0.7831482226907152	0.01474650651811155	0.0003099565039508757	0.017586949463989338	0.0011590976692545175	1.3574614315913384e-06	0.003023783912193768	0.0022772004103444455	0.0	0.0	0.0	0.0	0.0	0.44908581158798333	0.0	0.5150736682078401	6.971258363905353e-06	0.0	2.3542737028356497e-05	0.0	7.306983475270573e-05	0.0	3.1035858753363516e-06	0.010733141125921586	0.002582252744650705	1.0440109341420953e-05	0.026871600429615762	0.0	0.0	0.0	6.80528011586947e-05	0.0	0.0	0.0	9.364869774518685e-05	0.0009078723202133942	0.0	2.594368463236968e-06	0.00022195148209315824	0.0	0.00046916022712061294	0.0	3.834230610213534e-05	0.0
mm_L4/5 intratelencephalic projecting glutamatergic neuron	0.0	0.0	0.0	0.0	0.0	0.0	0.0	0.0	0.0	0.0	0.0	0.0	0.0	0.0	0.0	0.0	0.0	0.0	0.0	0.0	0.0	0.0	0.0	0.0	0.0	0.0	0.0	0.0	0.0	0.0	0.0	0.0	0.0	0.0	0.0	0.0	0.0	0.0	0.0	0.0	0.0	0.0	0.0	0.0	0.0	0.0	0.0	0.0	0.0	0.0	0.0	0.0	0.0	0.0	0.0	0.0	0.0	0.0	0.0	0.0	0.0	0.0	0.0	0.0	0.0	0.0	0.0	0.0	0.0	0.0	0.0	0.0	0.0	0.0	0.0	0.0	0.5564879123257848	0.8147872399904632	0.0	0.3266732878000686	2.1555307317747596e-06	2.3066294874679887e-06	0.001614663766039872	0.03125326607909769	2.018225543321144e-05	0.0	0.0	0.0	0.0	0.005725060172380085	0.0	0.04189047635690547	0.0	0.0	0.0	0.0	0.0	0.0	0.0	4.536148250870315e-05	0.011574123211308225	0.0	0.5537267721876102	0.0	0.0	0.0	1.4184602276206848e-05	0.0	0.0	0.0	0.0	0.0	0.0	0.0	1.2729991564427434e-05	0.0	2.616527495394448e-05	2.22555064116485e-05	7.485151588820102e-06	0.0
mm_L5 extratelencephalic projecting glutamatergic cortical neuron	0.0	0.0	0.0	0.0	0.0	0.0	0.0	0.0	0.0	0.0	0.0	0.0	0.0	0.0	0.0	0.0	0.0	0.0	0.0	0.0	0.0	0.0	0.0	0.0	0.0	0.0	0.0	0.0	0.0	0.0	0.0	0.0	0.0	0.0	0.0	0.0	0.0	0.0	0.0	0.0	0.0	0.0	0.0	0.0	0.0	0.0	0.0	0.0	0.0	0.0	0.0	0.0	0.0	0.0	0.0	0.0	0.0	0.0	0.0	0.0	0.0	0.0	0.0	0.0	0.0	0.0	0.0	0.0	0.0	0.0	0.0	0.0	0.0	0.0	0.0	0.0	0.03001329762307931	0.0	0.5986316694319768	0.040885092942718214	0.0	0.0	0.0	0.0005019308550778809	8.72580953494909e-05	0.0	0.0	0.0	0.0	0.007271564406915555	0.0	0.04300471273397818	0.0	0.0	0.0	0.0	0.0	0.0	0.0	0.043183485745244846	1.5694125203896356e-05	0.0	0.006183377690569281	0.0	0.0	0.0	0.0	0.0	0.0	0.0	0.0	0.0	0.0	0.0	0.0	0.0	0.0	0.0	0.0	0.8561419561070039
mm_L5 intratelencephalic projecting glutamatergic neuron	0.0	0.0	0.0	0.0	0.0	0.0	0.0	0.0	0.0	0.0	0.0	0.0	0.0	0.0	0.0	0.0	0.0	0.0	0.0	0.0	0.0	0.0	0.0	0.0	0.0	0.0	0.0	0.0	0.0	0.0	0.0	0.0	0.0	0.0	0.0	0.0	0.0	0.0	0.0	0.0	0.0	0.0	0.0	0.0	0.0	0.0	0.0	0.0	0.0	0.0	0.0	0.0	0.0	0.0	0.0	0.0	0.0	0.0	0.0	0.0	0.0	0.0	0.0	0.0	0.0	0.0	0.0	0.0	0.0	0.0	0.0	0.0	0.0	0.0	0.0	0.0	0.04611445536995579	0.035261821200665025	0.0	0.42357451531492646	8.922042743752477e-06	1.8460169291064696e-06	0.0061340284286429455	0.23273946470776136	0.0	0.0	0.0	0.0	0.0	0.00010813604430896311	0.0	0.012079632193940381	0.0	0.0	5.2694240985551834e-05	0.0	0.0	0.0	0.0	0.0	0.0	0.0	0.04352571926006328	0.0	0.0	0.0	0.0	0.0	0.0	0.0	0.0	0.0	0.0	0.0	1.0726103117170227e-05	0.0	0.0	0.0	0.0	0.0
mm_L6 corticothalamic-projecting glutamatergic cortical neuron	0.0	0.0	0.0	0.0	0.0	0.0	0.0	0.0	0.0	0.0	0.0	0.0	0.0	0.0	0.0	0.0	0.0	0.0	0.0	0.0	0.0	0.0	0.0	0.0	0.0	0.0	0.0	0.0	0.0	0.0	0.0	0.0	0.0	0.0	0.0	0.0	0.0	0.0	0.0	0.0	0.0	0.0	0.0	0.0	0.0	0.0	0.0	0.0	0.0	0.0	0.0	0.0	0.0	0.0	0.0	0.0	0.0	0.0	0.0	0.0	0.0	0.0	0.0	0.0	0.0	0.0	0.0	0.0	0.0	0.0	0.0	0.0	0.0	0.0	0.0	0.0	0.0017600143182217858	0.00019262553824448393	0.00069160181891287	0.00477969564124738	2.069575981510607e-05	0.9561954086505533	0.00031803240596279544	0.008884342895566031	0.2594858902844124	0.0	0.0	0.0	0.0	5.976839598831991e-06	0.0	0.0024443102917155544	2.8713527041216595e-05	0.0	0.5690256556919541	0.0	0.0	0.0	8.867416272126065e-06	0.0005922492746368625	0.00046674931474757514	6.451788763425228e-06	0.0014047859667575566	6.444198367555555e-06	0.0	0.0	0.0	0.0	0.0	0.0	0.13750743502407842	5.987697435811978e-07	0.0	1.6101399989134855e-06	4.09032656349686e-05	0.0	1.0924197198421225e-06	9.190634054202398e-05	0.0	0.0
mm_L6 intratelencephalic projecting glutamatergic neuron	0.0	0.0	0.0	0.0	0.0	0.0	0.0	0.0	0.0	0.0	0.0	0.0	0.0	0.0	0.0	0.0	0.0	0.0	0.0	0.0	0.0	0.0	0.0	0.0	0.0	0.0	0.0	0.0	0.0	0.0	0.0	0.0	0.0	0.0	0.0	0.0	0.0	0.0	0.0	0.0	0.0	0.0	0.0	0.0	0.0	0.0	0.0	0.0	0.0	0.0	0.0	0.0	0.0	0.0	0.0	0.0	0.0	0.0	0.0	0.0	0.0	0.0	0.0	0.0	0.0	0.0	0.0	0.0	0.0	0.0	0.0	0.0	0.0	0.0	0.0	0.0	0.10465571886402232	0.0	0.0	0.02019606740011365	0.0	0.00011228148381101171	0.017726975537146514	0.7253772246768937	0.0	0.0	0.0	0.0	0.0	0.0008566040458581125	0.0	0.0006036422122002366	0.0	0.0	6.276247660139922e-05	0.0	5.497478760125323e-06	0.0	0.0	0.0007757255920219413	1.569024237491671e-05	0.0	0.13587492120424358	0.0	0.0	0.0	0.0	0.0	0.0	0.0	0.0	0.0	0.0	0.0	1.6499939433621405e-06	0.0	0.0	0.0	0.0	0.0
mm_L6b glutamatergic cortical neuron	0.0	0.0	0.0	0.0	0.0	0.0	0.0	0.0	0.0	0.0	0.0	0.0	0.0	0.0	0.0	0.0	0.0	0.0	0.0	0.0	0.0	0.0	0.0	0.0	0.0	0.0	0.0	0.0	0.0	0.0	0.0	0.0	0.0	0.0	0.0	0.0	0.0	0.0	0.0	0.0	0.0	0.0	0.0	0.0	0.0	0.0	0.0	0.0	0.0	0.0	0.0	0.0	0.0	0.0	0.0	0.0	0.0	0.0	0.0	0.0	0.0	0.0	0.0	0.0	0.0	0.0	0.0	0.0	0.0	0.0	0.0	0.0	0.0	0.0	0.0	0.0	3.54823825751121e-05	0.0006272514251956611	0.0	0.004517105576604544	0.0	0.0011215313482984695	7.143997944025329e-06	0.0005813055492074383	0.5703470841012221	0.0	0.0	0.0	0.0	0.0003086146935608997	0.0	0.0005791851148796881	0.0	0.0	0.47903101246402524	0.0	0.0	0.0	7.168419791595603e-06	0.002360987953989031	0.0	2.910324432327017e-06	0.0010122511613932707	0.0	0.0	0.0	0.0	0.0	0.0	0.0	0.027410377087632637	0.0	0.0	0.0	0.0	0.0	0.0	3.359123938386454e-05	0.0	0.0007713361331861057
mm_Lamp5 Lhx6 neuron	0.0	0.0	0.0	0.0	0.0	0.0	0.0	0.0	0.0	0.0	0.0	0.0	0.0	0.0	0.0	0.0	0.0	0.0	0.0	0.0	0.0	0.0	0.0	0.0	0.0	0.0	0.0	0.0	0.0	0.0	0.0	0.0	0.0	0.0	0.0	0.0	0.0	0.0	0.0	0.0	0.0	0.0	0.0	0.0	0.0	0.0	0.0	0.0	0.0	0.0	0.0	0.0	0.0	0.0	0.0	0.0	0.0	0.0	0.0	0.0	0.0	0.0	0.0	0.0	0.0	0.0	0.0	0.0	0.0	0.0	0.0	0.0	0.0	0.0	0.0	0.0	0.0	0.0	0.0	0.0	0.0	0.0	0.0	0.0	0.0	0.707613197341696	0.0	0.0	0.0	0.0	0.0	0.0	0.0	0.0	0.0	0.0010688993963770869	0.0	0.0	0.0	0.0	0.0	0.0	0.0	0.05239588848365636	0.0	0.0	5.978151956433621e-05	0.0	0.0	0.0	0.0	1.1631272935728391e-05	0.0031534450583236896	0.0	0.006547658572587324	0.0	0.0	0.0	0.0	0.0
mm_Purkinje cell	0.0	0.0	0.0	0.0	0.0	0.0	0.0	0.0	0.0	0.0	0.0	0.0	0.0	0.0	0.0	0.0	0.0	0.0	0.0	0.0	0.0	0.0	0.0	0.0	0.0	0.0	0.0	0.0	0.0	0.0	0.0	0.0	0.0	0.0	0.0	0.0	0.0	0.0	0.0	0.0	0.0	0.0	0.0	0.0	0.0	0.0	0.0	0.0	0.0	0.0	0.0	0.0	0.0	0.0	0.0	0.0	0.0	0.0	0.0	0.0	0.0	0.0	0.0	0.0	0.0	0.0	0.0	0.0	0.0	0.0	0.0	0.0	0.0	0.0	0.0	0.0	0.0	0.0	0.0	0.0	0.0	0.0	0.0	0.0	0.0	0.0	0.0	0.9695964317075644	0.0	0.0	0.0	0.0	0.0	0.0	0.0	0.0	0.0	0.0	0.0	0.0	1.680782632756256e-05	0.0	0.0	0.0	0.0	0.0	0.0	0.0	0.0	0.0	0.0	0.006138744744871539	1.5413094358648977e-06	0.0	0.0	0.0	0.0	0.0	0.0	0.0
mm_amygdala excitatory neuron	0.0	0.0	0.0	0.0	0.0	0.0	0.0	0.0	0.0	0.0	0.0	0.0	0.0	0.0	0.0	0.0	0.0	0.0	0.0	0.0	0.0	0.0	0.0	0.0	0.0	0.0	0.0	0.0	0.0	0.0	0.0	0.0	0.0	0.0	0.0	0.0	0.0	0.0	0.0	0.0	0.0	0.0	0.0	0.0	0.0	0.0	0.0	0.0	0.0	0.0	0.0	0.0	0.0	0.0	0.0	0.0	0.0	0.0	0.0	0.0	0.0	0.0	0.0	0.0	0.0	0.0	0.0	0.0	0.0	0.0	0.0	0.0	0.0	0.0	0.0	0.0	0.04799193871549764	0.0008576315014533345	0.0	0.004822057215082884	0.0	0.0	7.907819608338009e-05	0.002310183642734086	0.0	0.0	0.0	0.0	0.0	0.4003920302247441	0.0	0.00504554287840781	0.0	0.0	0.0	0.0	1.0267115014787516e-05	0.00010155515299492043	0.0	0.028593956730143748	0.000147778397577339	1.8687841396413736e-05	0.012533460245839336	6.209089663634579e-05	0.0	7.999705323295087e-06	0.0	0.0	0.0	0.0	0.00041001796739030045	0.1284500616387172	0.0	0.0	0.0	0.0	0.0	0.0	0.0	0.0
mm_arachnoid barrier cell	0.0	0.0	0.0	0.0	0.0	0.0	0.0	0.0	0.0	0.0	0.0	0.0	0.0	0.0	0.0	0.0	0.0	0.0	0.0	0.0	0.0	0.0	0.0	0.0	0.0	0.0	0.0	0.0	0.0	0.0	0.0	0.0	0.0	0.0	0.0	0.0	0.0	0.0	0.0	0.0	0.0	0.0	0.0	0.0	0.0	0.0	0.0	0.0	0.0	0.0	0.0	0.0	0.0	0.0	0.0	0.0	0.0	0.0	0.0	0.0	0.0	0.0	0.0	0.0	0.0	0.0	0.0	0.0	0.0	0.0	0.0	0.0	0.0	0.0	0.0	0.0	8.02625300063112e-07	0.0	0.0	0.0	7.464879750589872e-06	0.0	0.0	0.0	0.0	0.0010370784657846048	0.0	0.0	0.0	0.0	0.0	8.685222226486224e-05	4.836721579786941e-05	0.0	5.711697179457711e-06	0.0	0.0	0.0	0.0	6.079153896207935e-06	1.5212491701200998e-05	0.0	0.0	0.00012590698542629342	1.228492912260108e-05	0.0	0.0009664678138928488	0.0	0.029287438075201427	0.0	0.0	0.32875610300849784	3.462781094326545e-06	0.0	0.00348089671367989	0.0	0.0	0.0	0.0003081789268051145	0.0
mm_astrocyte	0.0	0.0	0.0	0.0	0.0	0.0	0.0	0.0	0.0	0.0	0.0	0.0	0.0	0.0	0.0	0.0	0.0	0.0	0.0	0.0	0.0	0.0	0.0	0.0	0.0	0.0	0.0	0.0	0.0	0.0	0.0	0.0	0.0	0.0	0.0	0.0	0.0	0.0	0.0	0.0	0.0	0.0	0.0	0.0	0.0	0.0	0.0	0.0	0.0	0.0	0.0	0.0	0.0	0.0	0.0	0.0	0.0	0.0	0.0	0.0	0.0	0.0	0.0	0.0	0.0	0.0	0.0	0.0	0.0	0.0	0.0	0.0	0.0	0.0	0.0	0.0	1.2413387630673853e-05	2.880196322397693e-05	0.0	5.039125262579857e-06	0.00014605666234062114	0.0	0.00012129696908125135	0.0	0.0002705704507928523	0.00041609377180610045	0.006012554059267947	0.0	0.0	0.0003492749749681443	0.0	0.0007140392352919894	0.0001281189412711334	0.0003628822681607479	0.0003679003618195645	0.001522316331375594	4.5878614940038955e-06	0.0	0.00048706832131507124	1.9279987983026875e-05	3.0160134036773382e-05	0.0	2.628486651904248e-06	0.0003210383729092593	0.0	0.0	0.006557648285383283	0.0	0.0	0.0	0.0	0.8320146942386397	0.0019511800447491884	0.0015294979477622126	0.0028963775323230167	0.0	0.001752215200159815	0.002190690159979843	0.0033515298003512924	0.0
mm_astrocyte of the cerebellum	0.0	0.0	0.0	0.0	0.0	0.0	0.0	0.0	0.0	0.0	0.0	0.0	0.0	0.0	0.0	0.0	0.0	0.0	0.0	0.0	0.0	0.0	0.0	0.0	0.0	0.0	0.0	0.0	0.0	0.0	0.0	0.0	0.0	0.0	0.0	0.0	0.0	0.0	0.0	0.0	0.0	0.0	0.0	0.0	0.0	0.0	0.0	0.0	0.0	0.0	0.0	0.0	0.0	0.0	0.0	0.0	0.0	0.0	0.0	0.0	0.0	0.0	0.0	0.0	0.0	0.0	0.0	0.0	0.0	0.0	0.0	0.0	0.0	0.0	0.0	0.0	0.0	0.0	0.0	0.0	0.0	0.0	0.0	0.0	0.0	0.0	0.0	0.0	0.0	0.0	0.0	0.0	0.0	0.0	0.0	0.0	0.0	0.0	0.0	0.0	0.0	0.0	0.0	0.0	0.0	0.0	0.0	0.0	0.0	0.0	0.0	0.41154514017759664	0.0	0.0	0.0	0.0	0.0	0.0008007184741330674	0.0	0.0
mm_astrocyte of the cerebral cortex	0.0	0.0	0.0	0.0	0.0	0.0	0.0	0.0	0.0	0.0	0.0	0.0	0.0	0.0	0.0	0.0	0.0	0.0	0.0	0.0	0.0	0.0	0.0	0.0	0.0	0.0	0.0	0.0	0.0	0.0	0.0	0.0	0.0	0.0	0.0	0.0	0.0	0.0	0.0	0.0	0.0	0.0	0.0	0.0	0.0	0.0	0.0	0.0	0.0	0.0	0.0	0.0	0.0	0.0	0.0	0.0	0.0	0.0	0.0	0.0	0.0	0.0	0.0	0.0	0.0	0.0	0.0	0.0	0.0	0.0	0.0	0.0	0.0	0.0	0.0	0.0	5.8101396753553844e-05	4.316140699477597e-05	0.0	8.004615673042395e-05	0.0005256111286915199	0.0	0.0012573152627672916	7.444095499068232e-05	0.00020339864936326203	0.005059120013409421	0.025384423271240186	0.0	0.0	0.00020156706431213165	0.0	0.0025315520996820797	0.00034022372261254517	0.0001589557499449024	0.0013204359509669766	0.0028671315150637184	3.219772051567389e-05	0.0	0.0	0.0003504306995399287	6.535217966618698e-05	0.0	0.0001243126177181877	0.004181283847732975	2.202264227062716e-05	0.0	0.0023772152954036965	0.0	0.0	0.0	0.0	0.6642899517842218	0.0041729740658876715	0.01309834004740884	0.007184467798635999	0.0	9.565437333044866e-05	0.0014530082014149238	0.008363740679220253	0.0
mm_astrocyte of the forebrain	0.0	0.0	0.0	0.0	0.0	0.0	0.0	0.0	0.0	0.0	0.0	0.0	0.0	0.0	0.0	0.0	0.0	0.0	0.0	0.0	0.0	0.0	0.0	0.0	0.0	0.0	0.0	0.0	0.0	0.0	0.0	0.0	0.0	0.0	0.0	0.0	0.0	0.0	0.0	0.0	0.0	0.0	0.0	0.0	0.0	0.0	0.0	0.0	0.0	0.0	0.0	0.0	0.0	0.0	0.0	0.0	0.0	0.0	0.0	0.0	0.0	0.0	0.0	0.0	0.0	0.0	0.0	0.0	0.0	0.0	0.0	0.0	0.0	0.0	0.0	0.0	0.0	0.0	0.0	0.0	0.0	0.0	0.0	0.0	0.0	0.0	0.0	0.0	0.0	0.0	0.0	0.0026116850748012788	0.0013816328863366727	0.0	0.0	0.0	0.0	0.0	0.0	0.0	0.0	0.0	0.0	0.0	0.0	0.0	0.0	0.0	0.0	0.0	0.0	0.23542906258833057	0.0	0.0	0.0004929731224036984	0.0	0.0	0.0	0.0	0.0
mm_border associated macrophage	0.0	0.0	0.0	0.0	0.0	0.0	0.0	0.0	0.0	0.0	0.0	0.0	0.0	0.0	0.0	0.0	0.0	0.0	0.0	0.0	0.0	0.0	0.0	0.0	0.0	0.0	0.0	0.0	0.0	0.0	0.0	0.0	0.0	0.0	0.0	0.0	0.0	0.0	0.0	0.0	0.0	0.0	0.0	0.0	0.0	0.0	0.0	0.0	0.0	0.0	0.0	0.0	0.0	0.0	0.0	0.0	0.0	0.0	0.0	0.0	0.0	0.0	0.0	0.0	0.0	0.0	0.0	0.0	0.0	0.0	0.0	0.0	0.0	0.0	0.0	0.0	0.0	0.0	0.0	0.0	0.0	0.0	0.0	0.0	0.0	0.0	0.0	0.0	0.0	0.0	0.0	0.0	0.0	0.0	0.0	0.0	0.0	0.0	0.0	0.0	0.0	0.0	0.0	0.0	0.0	0.0	0.0	0.0	0.9575568865328578	0.0	0.0	0.0	0.0	0.0	0.0	0.0	0.0	0.0	0.0	0.0
mm_brain pericyte	0.0	0.0	0.0	0.0	0.0	0.0	0.0	0.0	0.0	0.0	0.0	0.0	0.0	0.0	0.0	0.0	0.0	0.0	0.0	0.0	0.0	0.0	0.0	0.0	0.0	0.0	0.0	0.0	0.0	0.0	0.0	0.0	0.0	0.0	0.0	0.0	0.0	0.0	0.0	0.0	0.0	0.0	0.0	0.0	0.0	0.0	0.0	0.0	0.0	0.0	0.0	0.0	0.0	0.0	0.0	0.0	0.0	0.0	0.0	0.0	0.0	0.0	0.0	0.0	0.0	0.0	0.0	0.0	0.0	0.0	0.0	0.0	0.0	0.0	0.0	0.0	1.2894163383998963e-05	0.0	0.0	0.0	0.0	0.0	0.0	0.0	0.0	0.0	0.0	0.008221954217022705	0.0	0.0	0.0	0.00013870340123175868	0.18445214577930594	0.0	0.0	0.0	0.004775764003236232	0.0	0.0	1.345053969436736e-06	9.269574750204248e-06	0.0	0.0	0.0001127568369248108	7.914278358749973e-06	0.0	8.614083859118145e-06	0.00016994139502743015	0.0	0.0	0.0	0.05426535378879297	0.0003111292121535651	0.00044713575382513933	0.00016930295895608937	0.0	0.04409425792002538	0.005249313469381669	4.629612585506729e-05	0.0
mm_cartwheel cell	0.0	0.0	0.0	0.0	0.0	0.0	0.0	0.0	0.0	0.0	0.0	0.0	0.0	0.0	0.0	0.0	0.0	0.0	0.0	0.0	0.0	0.0	0.0	0.0	0.0	0.0	0.0	0.0	0.0	0.0	0.0	0.0	0.0	0.0	0.0	0.0	0.0	0.0	0.0	0.0	0.0	0.0	0.0	0.0	0.0	0.0	0.0	0.0	0.0	0.0	0.0	0.0	0.0	0.0	0.0	0.0	0.0	0.0	0.0	0.0	0.0	0.0	0.0	0.0	0.0	0.0	0.0	0.0	0.0	0.0	0.0	0.0	0.0	0.0	0.0	0.0	0.0	0.0	0.0	0.0	0.0	0.0	0.0	0.0	0.0	0.0	0.0	0.0	0.0	0.0	0.0	0.0	5.9691590764245386e-05	0.03832457988093584	0.0	0.0	0.0	0.0	0.0	0.0	0.0	0.0	0.0	0.0	0.0	0.0	0.0	0.08491556153810823	0.0	0.0	0.0	0.051356219045958426	0.0	0.0	0.0	0.0	0.0	0.0	0.0	0.0
mm_caudal ganglionic eminence derived interneuron	0.0	0.0	0.0	0.0	0.0	0.0	0.0	0.0	0.0	0.0	0.0	0.0	0.0	0.0	0.0	0.0	0.0	0.0	0.0	0.0	0.0	0.0	0.0	0.0	0.0	0.0	0.0	0.0	0.0	0.0	0.0	0.0	0.0	0.0	0.0	0.0	0.0	0.0	0.0	0.0	0.0	0.0	0.0	0.0	0.0	0.0	0.0	0.0	0.0	0.0	0.0	0.0	0.0	0.0	0.0	0.0	0.0	0.0	0.0	0.0	0.0	0.0	0.0	0.0	0.0	0.0	0.0	0.0	0.0	0.0	0.0	0.0	0.0	0.0	0.0	0.0	0.0	0.0	0.0	0.0	0.0	0.0	0.0	0.0	0.0	0.003446930688886793	0.0032457100106526985	0.0	0.0	0.0	0.03266313160040345	0.0	0.0	0.0	0.0	0.0	0.0	0.0	0.0	0.0	0.0	0.0	0.0	0.005351509186378639	0.0	0.0	0.00022280610004035998	0.0	0.0	0.0	0.0	0.00023826293024592726	0.0	0.0	0.006630288754835072	0.0	0.0	0.0	0.7261489785814343	0.0
mm_cerebellar Golgi cell	0.0	0.0	0.0	0.0	0.0	0.0	0.0	0.0	0.0	0.0	0.0	0.0	0.0	0.0	0.0	0.0	0.0	0.0	0.0	0.0	0.0	0.0	0.0	0.0	0.0	0.0	0.0	0.0	0.0	0.0	0.0	0.0	0.0	0.0	0.0	0.0	0.0	0.0	0.0	0.0	0.0	0.0	0.0	0.0	0.0	0.0	0.0	0.0	0.0	0.0	0.0	0.0	0.0	0.0	0.0	0.0	0.0	0.0	0.0	0.0	0.0	0.0	0.0	0.0	0.0	0.0	0.0	0.0	0.0	0.0	0.0	0.0	0.0	0.0	0.0	0.0	4.169146394892868e-06	0.0	0.0	0.0	0.0	0.0	0.0	0.0	0.0	0.00014776164759987455	0.0	0.0	0.0	0.0	0.0	0.0	0.31445442980492927	0.045463715144926475	0.0	0.0	0.0	0.0	0.0	0.0	0.0	0.0	0.0	3.135973093499008e-05	0.0	0.0	0.0003491745930160422	0.037591784239706036	0.0	0.0	0.0	0.12646519965172498	8.154137517635722e-05	4.528316441584141e-05	0.0	0.0	0.0	0.0	0.0	0.0
mm_cerebellar granule cell	0.0	0.0	0.0	0.0	0.0	0.0	0.0	0.0	0.0	0.0	0.0	0.0	0.0	0.0	0.0	0.0	0.0	0.0	0.0	0.0	0.0	0.0	0.0	0.0	0.0	0.0	0.0	0.0	0.0	0.0	0.0	0.0	0.0	0.0	0.0	0.0	0.0	0.0	0.0	0.0	0.0	0.0	0.0	0.0	0.0	0.0	0.0	0.0	0.0	0.0	0.0	0.0	0.0	0.0	0.0	0.0	0.0	0.0	0.0	0.0	0.0	0.0	0.0	0.0	0.0	0.0	0.0	0.0	0.0	0.0	0.0	0.0	0.0	0.0	0.0	0.0	0.0	0.0	0.0	0.0	3.250088923172261e-05	0.0	2.680341195494786e-06	0.0	0.0	0.0	0.0	0.00027231518352454926	0.0	0.0	0.0	0.0	0.9903605056625056	0.0	0.0	0.0	0.0	0.0	0.0	0.0	0.0	0.0	0.0	0.0	0.0	0.0	0.0	0.0	0.0	0.0	0.0	0.002862865150456383	0.0	0.0	0.0	0.0	0.0	0.023905065000052017	0.0	0.0
mm_cerebellar inhibitory GABAergic interneuron	0.0	0.0	0.0	0.0	0.0	0.0	0.0	0.0	0.0	0.0	0.0	0.0	0.0	0.0	0.0	0.0	0.0	0.0	0.0	0.0	0.0	0.0	0.0	0.0	0.0	0.0	0.0	0.0	0.0	0.0	0.0	0.0	0.0	0.0	0.0	0.0	0.0	0.0	0.0	0.0	0.0	0.0	0.0	0.0	0.0	0.0	0.0	0.0	0.0	0.0	0.0	0.0	0.0	0.0	0.0	0.0	0.0	0.0	0.0	0.0	0.0	0.0	0.0	0.0	0.0	0.0	0.0	0.0	0.0	0.0	0.0	0.0	0.0	0.0	0.0	0.0	1.4582772920063305e-05	0.0	0.0	0.0	0.0	0.0	0.0	0.0	0.0	0.0	0.0	0.00012521419214559987	0.0	0.0	0.0	0.0	0.00023637511772308254	0.7118299187267089	0.0	0.0	0.0	0.0	0.0	0.0	0.0	0.0	0.0	0.0007464607987347067	0.0	0.0	4.4458550664801815e-07	0.02209270585615032	0.0	0.0	0.0	0.010164241344017885	1.1633552564312945e-05	0.0	3.0379907807100275e-06	0.0	0.0	0.0	0.0	0.0
mm_cerebellar neuron	0.0	0.0	0.0	0.0	0.0	0.0	0.0	0.0	0.0	0.0	0.0	0.0	0.0	0.0	0.0	0.0	0.0	0.0	0.0	0.0	0.0	0.0	0.0	0.0	0.0	0.0	0.0	0.0	0.0	0.0	0.0	0.0	0.0	0.0	0.0	0.0	0.0	0.0	0.0	0.0	0.0	0.0	0.0	0.0	0.0	0.0	0.0	0.0	0.0	0.0	0.0	0.0	0.0	0.0	0.0	0.0	0.0	0.0	0.0	0.0	0.0	0.0	0.0	0.0	0.0	0.0	0.0	0.0	0.0	0.0	0.0	0.0	0.0	0.0	0.0	0.0	0.0	0.0	0.0	0.0	0.0	0.0	0.0	0.0	0.0	0.0	0.0	0.0	0.0	0.0	0.0	0.0	0.0003920725404430771	0.42439887073444404	0.0	0.0	0.0	0.0	0.0	0.0	0.0	0.0	0.0	0.00036686241909457775	0.0	0.0	0.006824356577160665	0.9755642301683769	0.0	0.0	0.0	0.0001461712862298199	2.0211202607537478e-05	0.0	7.45064231818251e-05	0.0	0.0	0.0	4.832166267088391e-05	0.0
mm_cerebellum glutamatergic neuron	0.0	0.0	0.0	0.0	0.0	0.0	0.0	0.0	0.0	0.0	0.0	0.0	0.0	0.0	0.0	0.0	0.0	0.0	0.0	0.0	0.0	0.0	0.0	0.0	0.0	0.0	0.0	0.0	0.0	0.0	0.0	0.0	0.0	0.0	0.0	0.0	0.0	0.0	0.0	0.0	0.0	0.0	0.0	0.0	0.0	0.0	0.0	0.0	0.0	0.0	0.0	0.0	0.0	0.0	0.0	0.0	0.0	0.0	0.0	0.0	0.0	0.0	0.0	0.0	0.0	0.0	0.0	0.0	0.0	0.0	0.0	0.0	0.0	0.0	0.0	0.0	0.0	0.0	0.0	0.0	0.0	0.0	0.0	0.0	0.0	0.0	0.0	0.0	0.0	0.0	0.0	0.0	0.0	0.0	0.0	0.0	0.0	0.0	0.0	0.0	0.0	0.0	0.0	0.0	0.0	0.0	0.0	0.0	0.0	0.0	0.0	0.7471078397029579	0.0	0.0	0.0	0.0	0.0	0.0	0.0	0.0
mm_chandelier pvalb GABAergic cortical interneuron	0.0	0.0	0.0	0.0	0.0	0.0	0.0	0.0	0.0	0.0	0.0	0.0	0.0	0.0	0.0	0.0	0.0	0.0	0.0	0.0	0.0	0.0	0.0	0.0	0.0	0.0	0.0	0.0	0.0	0.0	0.0	0.0	0.0	0.0	0.0	0.0	0.0	0.0	0.0	0.0	0.0	0.0	0.0	0.0	0.0	0.0	0.0	0.0	0.0	0.0	0.0	0.0	0.0	0.0	0.0	0.0	0.0	0.0	0.0	0.0	0.0	0.0	0.0	0.0	0.0	0.0	0.0	0.0	0.0	0.0	0.0	0.0	0.0	0.0	0.0	0.0	0.0	0.0	0.0	0.0	0.0	0.0	0.0	0.0	0.0	0.0059452484414739045	0.0	0.0	0.0	0.0	0.0	0.0	0.0	0.0	0.0	0.5903053346152285	0.0	0.0	0.0	0.0	0.0	0.0	0.0	0.0	0.0	0.0	0.0	0.0	0.0	0.0	0.0	0.001487189459617771	0.14077963239618874	0.0	0.005902164132131474	0.0	0.0	0.0	0.0008852628911436893	0.0
mm_cholinergic neuron	0.0	0.0	0.0	0.0	0.0	0.0	0.0	0.0	0.0	0.0	0.0	0.0	0.0	0.0	0.0	0.0	0.0	0.0	0.0	0.0	0.0	0.0	0.0	0.0	0.0	0.0	0.0	0.0	0.0	0.0	0.0	0.0	0.0	0.0	0.0	0.0	0.0	0.0	0.0	0.0	0.0	0.0	0.0	0.0	0.0	0.0	0.0	0.0	0.0	0.0	0.0	0.0	0.0	0.0	0.0	0.0	0.0	0.0	0.0	0.0	0.0	0.0	0.0	0.0	0.0	0.0	0.0	0.0	0.0	0.0	0.0	0.0	0.0	0.0	0.0	0.0	0.0	0.0	0.0	0.0	0.0	0.0	0.0	0.0	0.0	0.0	0.0	0.0	0.0	0.0	0.0	0.0	0.0	0.0	0.0	0.0	0.0	0.0	0.0	0.0	0.0	0.0	0.0	0.0	0.0	0.0	0.0	0.0	0.0	0.0	0.0	0.8401571002777916	0.0	0.0	0.0	0.0	0.0	0.0	0.0	0.0
mm_choroid plexus epithelial cell	0.0	0.0	0.0	0.0	0.0	0.0	0.0	0.0	0.0	0.0	0.0	0.0	0.0	0.0	0.0	0.0	0.0	0.0	0.0	0.0	0.0	0.0	0.0	0.0	0.0	0.0	0.0	0.0	0.0	0.0	0.0	0.0	0.0	0.0	0.0	0.0	0.0	0.0	0.0	0.0	0.0	0.0	0.0	0.0	0.0	0.0	0.0	0.0	0.0	0.0	0.0	0.0	0.0	0.0	0.0	0.0	0.0	0.0	0.0	0.0	0.0	0.0	0.0	0.0	0.0	0.0	0.0	0.0	0.0	0.0	0.0	0.0	0.0	0.0	0.0	0.0	0.0	0.0	0.0	0.0	0.0	0.0	0.0	0.0	0.0	0.0	0.0	0.0	0.0	0.0	0.0	0.0	0.007932051766462046	0.0	0.0	0.0	0.00042030507681635064	0.0	0.0	0.0	0.0	0.0	0.0	0.0	0.0	0.0	3.7451516240797524e-05	0.0	0.0005340657724268863	0.0	0.0	0.7975235720995528	0.0	0.0	0.0	0.0	0.0	0.0	0.0	0.0
mm_corticothalamic-projecting glutamatergic cortical neuron	0.0	0.0	0.0	0.0	0.0	0.0	0.0	0.0	0.0	0.0	0.0	0.0	0.0	0.0	0.0	0.0	0.0	0.0	0.0	0.0	0.0	0.0	0.0	0.0	0.0	0.0	0.0	0.0	0.0	0.0	0.0	0.0	0.0	0.0	0.0	0.0	0.0	0.0	0.0	0.0	0.0	0.0	0.0	0.0	0.0	0.0	0.0	0.0	0.0	0.0	0.0	0.0	0.0	0.0	0.0	0.0	0.0	0.0	0.0	0.0	0.0	0.0	0.0	0.0	0.0	0.0	0.0	0.0	0.0	0.0	0.0	0.0	0.0	0.0	0.0	0.0	0.0003533981498011205	0.0002498776355566359	0.0	0.025725497216361908	6.327028606291005e-05	0.0015850859664304738	0.0	0.0	0.00925613492696596	0.0	0.0	0.0	0.0	0.00019896019985098998	0.0	0.0003605908222744137	0.0	0.0	0.30568689782679315	0.0	0.0	0.0	0.0	0.00024552022790761134	0.0	0.0	0.00355139153283923	0.0	0.0	0.0	0.0	0.0	0.0	0.0	0.0025844281804225247	0.0	0.0	0.0	0.0	0.0	0.0	0.0	0.0	0.0
mm_dendritic cell	0.0	0.0	0.0	0.0	0.0	0.0	0.0	0.0	0.0	0.0	0.0	0.0	0.0	0.0	0.0	0.0	0.0	0.0	0.0	0.0	0.0	0.0	0.0	0.0	0.0	0.0	0.0	0.0	0.0	0.0	0.0	0.0	0.0	0.0	0.0	0.0	0.0	0.0	0.0	0.0	0.0	0.0	0.0	0.0	0.0	0.0	0.0	0.0	0.0	0.0	0.0	0.0	0.0	0.0	0.0	0.0	0.0	0.0	0.0	0.0	0.0	0.0	0.0	0.0	0.0	0.0	0.0	0.0	0.0	0.0	0.0	0.0	0.0	0.0	0.0	0.0	0.0	0.0	0.0	0.0	0.0	0.0	0.0	0.0	0.0	0.0	0.0	0.0	0.0	0.0	0.0	0.0	0.0	0.0	0.0	0.0	0.0	0.0	0.0	0.0	0.0	0.0	0.0	0.0	0.0	0.0	0.0	0.0	0.9514906287964726	3.720134226167352e-05	0.0	0.0	0.0	0.0	0.0	0.0	0.0	0.0	0.0	0.0
mm_dentate gyrus of hippocampal formation granule cell	0.0	0.0	0.0	0.0	0.0	0.0	0.0	0.0	0.0	0.0	0.0	0.0	0.0	0.0	0.0	0.0	0.0	0.0	0.0	0.0	0.0	0.0	0.0	0.0	0.0	0.0	0.0	0.0	0.0	0.0	0.0	0.0	0.0	0.0	0.0	0.0	0.0	0.0	0.0	0.0	0.0	0.0	0.0	0.0	0.0	0.0	0.0	0.0	0.0	0.0	0.0	0.0	0.0	0.0	0.0	0.0	0.0	0.0	0.0	0.0	0.0	0.0	0.0	0.0	0.0	0.0	0.0	0.0	0.0	0.0	0.0	0.0	0.0	0.0	0.0	0.0	0.028710926205190095	0.0	0.0	0.0	0.0	0.0	1.0032463729831587e-05	6.888322076179799e-05	1.7088385392046133e-06	7.860608122561177e-06	0.0	0.0	0.0	0.020618784174320486	0.0	0.019019324122198755	0.0004569768639168524	0.0	0.0	0.0	0.9804934293601908	0.0013481557204820674	0.0	0.0028182388037328587	0.01478526857609233	0.0021331748490907585	0.0002108003741651642	5.6729898694686745e-06	0.0	0.0008828155068102536	0.0	0.0	0.0	0.0	0.0	0.0035975929159103408	0.0	2.7107550855166083e-06	7.271797098755763e-05	0.0	0.0	0.0	0.0020910827383529345	0.0
mm_direct pathway medium spiny neuron	0.0	0.0	0.0	0.0	0.0	0.0	0.0	0.0	0.0	0.0	0.0	0.0	0.0	0.0	0.0	0.0	0.0	0.0	0.0	0.0	0.0	0.0	0.0	0.0	0.0	0.0	0.0	0.0	0.0	0.0	0.0	0.0	0.0	0.0	0.0	0.0	0.0	0.0	0.0	0.0	0.0	0.0	0.0	0.0	0.0	0.0	0.0	0.0	0.0	0.0	0.0	0.0	0.0	0.0	0.0	0.0	0.0	0.0	0.0	0.0	0.0	0.0	0.0	0.0	0.0	0.0	0.0	0.0	0.0	0.0	0.0	0.0	0.0	0.0	0.0	0.0	0.0	0.0	0.0	0.0	0.0	0.0	0.0	0.0	0.0	0.0	0.0	0.0	0.0	0.0001487070255008904	0.0	0.0	0.0	0.0	0.0	0.0	0.0	0.964554891961453	0.001349688960720724	0.0	0.0	0.0018736420481724723	0.0	4.166050262068009e-05	0.0	0.3962899861728638	0.0	0.0	0.0	0.0	0.0	0.0	0.0	0.0	0.0	0.0	0.0	0.0	0.0	0.0
mm_endothelial cell	0.0	0.0	0.0	0.0	0.0	0.0	0.0	0.0	0.0	0.0	0.0	0.0	0.0	0.0	0.0	0.0	0.0	0.0	0.0	0.0	0.0	0.0	0.0	0.0	0.0	0.0	0.0	0.0	0.0	0.0	0.0	0.0	0.0	0.0	0.0	0.0	0.0	0.0	0.0	0.0	0.0	0.0	0.0	0.0	0.0	0.0	0.0	0.0	0.0	0.0	0.0	0.0	0.0	0.0	0.0	0.0	0.0	0.0	0.0	0.0	0.0	0.0	0.0	0.0	0.0	0.0	0.0	0.0	0.0	0.0	0.0	0.0	0.0	0.0	0.0	0.0	0.016184671553890372	0.0	0.0	8.467408440982076e-07	0.0	0.0	9.443897633354808e-06	0.0	0.0	8.38013610749575e-05	1.9967355890025776e-05	0.0	0.0	0.0	0.0	2.5638016541013226e-05	0.11177686069876216	0.0	0.0	4.1449414877555144e-05	1.6952316007364044e-05	0.0	0.0	2.884944503545366e-06	4.306948860241029e-05	0.0	0.0	7.768401980050939e-05	2.9835518929021923e-05	0.0	8.390394540588585e-05	7.375670111873914e-06	0.011445250685780577	0.0002983569728084149	0.0	0.1663610146172195	9.902343169046136e-05	9.074893903248226e-05	0.0001778282631171889	0.0	0.027308705486844997	0.0	0.0005323266859017019	0.0
mm_ependymal cell	0.0	0.0	0.0	0.0	0.0	0.0	0.0	0.0	0.0	0.0	0.0	0.0	0.0	0.0	0.0	0.0	0.0	0.0	0.0	0.0	0.0	0.0	0.0	0.0	0.0	0.0	0.0	0.0	0.0	0.0	0.0	0.0	0.0	0.0	0.0	0.0	0.0	0.0	0.0	0.0	0.0	0.0	0.0	0.0	0.0	0.0	0.0	0.0	0.0	0.0	0.0	0.0	0.0	0.0	0.0	0.0	0.0	0.0	0.0	0.0	0.0	0.0	0.0	0.0	0.0	0.0	0.0	0.0	0.0	0.0	0.0	0.0	0.0	0.0	0.0	0.0	0.0	0.0	0.0	0.0	0.0	0.0	0.0	0.0	0.0	0.0	0.0	0.0	0.0	0.0	0.0	0.0	0.0	0.0	0.0	0.0	0.0	0.0	0.0	0.024429027011272086	0.0	0.0	0.0	0.0	0.0	0.0	0.0	0.0	0.0	0.0	0.0	0.40839764790807004	0.0	0.0	6.820119446980168e-05	0.0	0.0	0.0	0.0	0.0
mm_ependymoglial cell	0.0	0.0	0.0	0.0	0.0	0.0	0.0	0.0	0.0	0.0	0.0	0.0	0.0	0.0	0.0	0.0	0.0	0.0	0.0	0.0	0.0	0.0	0.0	0.0	0.0	0.0	0.0	0.0	0.0	0.0	0.0	0.0	0.0	0.0	0.0	0.0	0.0	0.0	0.0	0.0	0.0	0.0	0.0	0.0	0.0	0.0	0.0	0.0	0.0	0.0	0.0	0.0	0.0	0.0	0.0	0.0	0.0	0.0	0.0	0.0	0.0	0.0	0.0	0.0	0.0	0.0	0.0	0.0	0.0	0.0	0.0	0.0	0.0	0.0	0.0	0.0	0.0	0.0	0.0	0.0	0.0	0.0	0.0	0.0	0.0	0.0	0.0	0.0	0.0	0.0	0.0	0.0	0.0	0.0	0.0	0.0	0.0	0.0	0.0	0.0	0.0	0.0	0.0	0.0	0.0	0.0	0.0	0.0	0.0	0.0	0.0	0.32637140783397933	0.0	0.0	0.00019121564499028956	0.0	0.0	0.0008492028399146421	0.0	0.0
mm_glutamatergic neuron	0.0	0.0	0.0	0.0	0.0	0.0	0.0	0.0	0.0	0.0	0.0	0.0	0.0	0.0	0.0	0.0	0.0	0.0	0.0	0.0	0.0	0.0	0.0	0.0	0.0	0.0	0.0	0.0	0.0	0.0	0.0	0.0	0.0	0.0	0.0	0.0	0.0	0.0	0.0	0.0	0.0	0.0	0.0	0.0	0.0	0.0	0.0	0.0	0.0	0.0	0.0	0.0	0.0	0.0	0.0	0.0	0.0	0.0	0.0	0.0	0.0	0.0	0.0	0.0	0.0	0.0	0.0	0.0	0.0	0.0	0.0	0.0	0.0	0.0	0.0	0.0	0.00945174654522508	0.0005838054845115915	0.020630096423134146	0.0015121554783269827	3.6461328283928486e-05	0.0	0.8665441235362786	0.0002113691694848647	3.835056560309948e-05	1.192793622129082e-05	0.0	0.0	0.0	0.00766249135649813	0.0	0.0011818172379014936	8.261289478043696e-07	0.0	7.46366927357896e-06	0.0	4.1314689681805775e-06	0.00010738320152900083	9.813168070664224e-05	0.07482627297873248	7.171645447432174e-05	6.680632002002674e-06	0.00478077621533984	0.00018743915824512126	0.010214031615699604	0.0	0.0021906849939777513	0.0	0.0	0.0	0.0004126290742179103	0.8112055411132877	1.016326724005156e-05	1.540493702114079e-05	0.00013641494477773796	0.0	0.030640269634124744	1.2061363066676728e-05	0.00019704991015547483	3.5469233046773465e-06
mm_gonadotropin releasing neuron	0.0	0.0	0.0	0.0	0.0	0.0	0.0	0.0	0.0	0.0	0.0	0.0	0.0	0.0	0.0	0.0	0.0	0.0	0.0	0.0	0.0	0.0	0.0	0.0	0.0	0.0	0.0	0.0	0.0	0.0	0.0	0.0	0.0	0.0	0.0	0.0	0.0	0.0	0.0	0.0	0.0	0.0	0.0	0.0	0.0	0.0	0.0	0.0	0.0	0.0	0.0	0.0	0.0	0.0	0.0	0.0	0.0	0.0	0.0	0.0	0.0	0.0	0.0	0.0	0.0	0.0	0.0	0.0	0.0	0.0	0.0	0.0	0.0	0.0	0.0	0.0	0.0	0.0	0.0	0.0	0.0	0.0	0.0	0.0	0.0	0.0	0.0	0.0	0.0	0.0	0.0	7.786278313886372e-05	0.0	0.0	0.0	0.0	0.0	0.0	0.0	0.0	0.0	0.0	0.0	0.0	0.0	0.0	0.0	0.0	0.0	0.0	0.0	0.6546132859112742	0.0	0.0	0.0	0.0	0.0	0.0	0.0	0.0
mm_hippocampal CA1-3 neuron	0.0	0.0	0.0	0.0	0.0	0.0	0.0	0.0	0.0	0.0	0.0	0.0	0.0	0.0	0.0	0.0	0.0	0.0	0.0	0.0	0.0	0.0	0.0	0.0	0.0	0.0	0.0	0.0	0.0	0.0	0.0	0.0	0.0	0.0	0.0	0.0	0.0	0.0	0.0	0.0	0.0	0.0	0.0	0.0	0.0	0.0	0.0	0.0	0.0	0.0	0.0	0.0	0.0	0.0	0.0	0.0	0.0	0.0	0.0	0.0	0.0	0.0	0.0	0.0	0.0	0.0	0.0	0.0	0.0	0.0	0.0	0.0	0.0	0.0	0.0	0.0	0.0007039014059265686	0.0	0.0	2.4216904602973837e-05	0.0	0.0	0.0	6.124417030413505e-05	0.0	0.0	0.0	0.0	0.0	0.002319107274726266	0.0	0.00016815795090124197	0.0	0.0	0.0	0.0	4.5428638242165864e-05	5.2576395986134206e-06	0.0	0.8766751311382979	0.7900501629784801	6.151750850481547e-05	0.0012339380138130442	4.375122968324297e-06	0.0	0.0	0.0	0.0	0.0	0.0	0.0	7.564221320908329e-06	0.0	0.0	0.0	0.0	0.0	0.0	7.849567830092224e-06	0.0
mm_hypendymal cell	0.0	0.0	0.0	0.0	0.0	0.0	0.0	0.0	0.0	0.0	0.0	0.0	0.0	0.0	0.0	0.0	0.0	0.0	0.0	0.0	0.0	0.0	0.0	0.0	0.0	0.0	0.0	0.0	0.0	0.0	0.0	0.0	0.0	0.0	0.0	0.0	0.0	0.0	0.0	0.0	0.0	0.0	0.0	0.0	0.0	0.0	0.0	0.0	0.0	0.0	0.0	0.0	0.0	0.0	0.0	0.0	0.0	0.0	0.0	0.0	0.0	0.0	0.0	0.0	0.0	0.0	0.0	0.0	0.0	0.0	0.0	0.0	0.0	0.0	0.0	0.0	0.0	0.0	0.0	0.0	0.0	0.0	0.0	0.0	0.0	0.0	0.0	0.0	0.0	0.0008630667948686367	0.0	0.0	0.0	0.0	0.0	0.0	0.0	0.0	0.0	0.0	0.0	0.0	0.0	0.0	0.0	0.0	0.0001050298053364205	0.0	0.0	0.0	0.0	0.3533514446090972	0.0	0.0	0.0007270096260108034	0.0	0.0	5.167181514900093e-05	0.0	0.0
mm_indirect pathway medium spiny neuron	0.0	0.0	0.0	0.0	0.0	0.0	0.0	0.0	0.0	0.0	0.0	0.0	0.0	0.0	0.0	0.0	0.0	0.0	0.0	0.0	0.0	0.0	0.0	0.0	0.0	0.0	0.0	0.0	0.0	0.0	0.0	0.0	0.0	0.0	0.0	0.0	0.0	0.0	0.0	0.0	0.0	0.0	0.0	0.0	0.0	0.0	0.0	0.0	0.0	0.0	0.0	0.0	0.0	0.0	0.0	0.0	0.0	0.0	0.0	0.0	0.0	0.0	0.0	0.0	0.0	0.0	0.0	0.0	0.0	0.0	0.0	0.0	0.0	0.0	0.0	0.0	0.0	0.0	0.0	0.0	0.0	0.0	0.0	0.0	0.0	0.0	0.0	0.0	0.0	9.473295297600068e-05	0.0	0.0	0.0	0.0	0.0	0.0	0.0	0.005385098479075846	0.0010248085005930135	0.0	0.0	0.970187927607955	0.0	3.716574172948865e-06	0.0	0.007690188831468174	0.0	0.0	0.0	0.0	0.0	4.2247831725061385e-07	0.0	0.0	1.7229174341600293e-05	0.0	0.0	0.0	0.0	0.0
mm_intratelencephalic-projecting glutamatergic cortical neuron	0.0	0.0	0.0	0.0	0.0	0.0	0.0	0.0	0.0	0.0	0.0	0.0	0.0	0.0	0.0	0.0	0.0	0.0	0.0	0.0	0.0	0.0	0.0	0.0	0.0	0.0	0.0	0.0	0.0	0.0	0.0	0.0	0.0	0.0	0.0	0.0	0.0	0.0	0.0	0.0	0.0	0.0	0.0	0.0	0.0	0.0	0.0	0.0	0.0	0.0	0.0	0.0	0.0	0.0	0.0	0.0	0.0	0.0	0.0	0.0	0.0	0.0	0.0	0.0	0.0	0.0	0.0	0.0	0.0	0.0	0.0	0.0	0.0	0.0	0.0	0.0	0.016100195324429075	3.908772644293101e-06	0.0	0.06773224581060402	0.0	4.759607744669521e-05	0.001621414406461136	0.0874529498119627	0.00016874556723342555	5.376927967060205e-06	0.0	0.0	0.0	0.23539235492263977	0.0	0.0001514900719252983	0.0	0.0	0.0002290038232669839	0.0	6.813800289330523e-06	0.0	0.0	0.14899561720063617	0.04013645058691982	0.0	0.04053861417187198	4.1495161919818396e-05	0.0	0.0	5.303627680678439e-05	0.0	0.0	0.0	0.0	0.0017961366432914174	0.0	0.0	3.1605369178747624e-05	0.0	0.00013591272550083977	0.0	5.970556531871888e-05	8.423177094006186e-06
mm_lamp5 GABAergic cortical interneuron	0.0	0.0	0.0	0.0	0.0	0.0	0.0	0.0	0.0	0.0	0.0	0.0	0.0	0.0	0.0	0.0	0.0	0.0	0.0	0.0	0.0	0.0	0.0	0.0	0.0	0.0	0.0	0.0	0.0	0.0	0.0	0.0	0.0	0.0	0.0	0.0	0.0	0.0	0.0	0.0	0.0	0.0	0.0	0.0	0.0	0.0	0.0	0.0	0.0	0.0	0.0	0.0	0.0	0.0	0.0	0.0	0.0	0.0	0.0	0.0	0.0	0.0	0.0	0.0	0.0	0.0	0.0	0.0	0.0	0.0	0.0	0.0	0.0	0.0	0.0	0.0	0.0	0.0	0.0	0.0	0.0	0.0	0.0	0.0	0.0	0.5136436301978231	0.4487393561018213	0.0	0.0	3.0145520664110196e-06	0.17451060268982072	0.0	0.0	0.0	0.0	1.3909087603202783e-05	0.0	0.0	0.0	0.0	0.0	0.0	0.0	0.8727737548797556	0.0	0.0	0.006394923169972182	0.0	0.0	0.0	0.0	4.478125023452827e-05	0.0006208404282251132	0.3081134881245455	0.002367478355383903	0.0	0.0	0.0	0.03914294140466819	0.0
mm_lymphocyte	0.0	0.0	0.0	0.0	0.0	0.0	0.0	0.0	0.0	0.0	0.0	0.0	0.0	0.0	0.0	0.0	0.0	0.0	0.0	0.0	0.0	0.0	0.0	0.0	0.0	0.0	0.0	0.0	0.0	0.0	0.0	0.0	0.0	0.0	0.0	0.0	0.0	0.0	0.0	0.0	0.0	0.0	0.0	0.0	0.0	0.0	0.0	0.0	0.0	0.0	0.0	0.0	0.0	0.0	0.0	0.0	0.0	0.0	0.0	0.0	0.0	0.0	0.0	0.0	0.0	0.0	0.0	0.0	0.0	0.0	0.0	0.0	0.0	0.0	0.0	0.9875284154654123	3.4608620065548953e-06	0.0	0.0	0.0	0.0	0.0	0.0	0.0	0.0	0.0	0.0	0.0	0.9990875032797524	0.0	0.0	8.592792061086417e-05	0.0	0.0	9.33707892634635e-06	0.0	0.0	0.0	0.0	0.0	1.2915380861430329e-05	0.0	0.0	0.0	0.0	0.0	0.0	0.0	0.002545220099739177	0.9953573502997637	0.0	0.0034145261868605793	3.805447778727285e-05	0.0	0.00010224237137806571	0.0	0.0	0.0	0.0	0.0
mm_mammillary body neuron	0.0	0.0	0.0	0.0	0.0	0.0	0.0	0.0	0.0	0.0	0.0	0.0	0.0	0.0	0.0	0.0	0.0	0.0	0.0	0.0	0.0	0.0	0.0	0.0	0.0	0.0	0.0	0.0	0.0	0.0	0.0	0.0	0.0	0.0	0.0	0.0	0.0	0.0	0.0	0.0	0.0	0.0	0.0	0.0	0.0	0.0	0.0	0.0	0.0	0.0	0.0	0.0	0.0	0.0	0.0	0.0	0.0	0.0	0.0	0.0	0.0	0.0	0.0	0.0	0.0	0.0	0.0	0.0	0.0	0.0	0.0	0.0	0.0	0.0	0.0	0.0	0.0	0.0	0.0	0.0	0.0	0.0	0.0	0.0	0.0	0.0	0.0	0.0	0.0	0.0	0.0	0.0	0.0	0.0	0.0	0.0	0.0	0.0	0.0	0.0	0.0	0.0	0.0	0.0	0.9002608540441681	0.0	0.0	0.0	0.0	0.0	0.0	0.031208119141242892	0.0	0.0	0.0	0.0	0.0	0.0	0.0	0.0
mm_medial ganglionic eminence derived GABAergic cortical interneuron	0.0	0.0	0.0	0.0	0.0	0.0	0.0	0.0	0.0	0.0	0.0	0.0	0.0	0.0	0.0	0.0	0.0	0.0	0.0	0.0	0.0	0.0	0.0	0.0	0.0	0.0	0.0	0.0	0.0	0.0	0.0	0.0	0.0	0.0	0.0	0.0	0.0	0.0	0.0	0.0	0.0	0.0	0.0	0.0	0.0	0.0	0.0	0.0	0.0	0.0	0.0	0.0	0.0	0.0	0.0	0.0	0.0	0.0	0.0	0.0	0.0	0.0	0.0	0.0	0.0	0.0	0.0	0.0	0.0	0.0	0.0	0.0	0.0	0.0	0.0	0.0	0.0	0.0	0.0	0.0	0.0	0.0	0.0	0.0	0.0	0.0	0.0	0.0	0.0	0.0	0.0	0.0	0.0	0.0	0.0	0.0	0.0	0.0	0.0	0.0	0.0	0.0	0.0	0.0	0.0	0.0	0.0	0.0	0.0	0.0	0.0	0.8457792355006744	0.0	0.0	0.03215869934080765	0.0	0.0	0.0	0.0	0.0
mm_medium spiny neuron	0.0	0.0	0.0	0.0	0.0	0.0	0.0	0.0	0.0	0.0	0.0	0.0	0.0	0.0	0.0	0.0	0.0	0.0	0.0	0.0	0.0	0.0	0.0	0.0	0.0	0.0	0.0	0.0	0.0	0.0	0.0	0.0	0.0	0.0	0.0	0.0	0.0	0.0	0.0	0.0	0.0	0.0	0.0	0.0	0.0	0.0	0.0	0.0	0.0	0.0	0.0	0.0	0.0	0.0	0.0	0.0	0.0	0.0	0.0	0.0	0.0	0.0	0.0	0.0	0.0	0.0	0.0	0.0	0.0	0.0	0.0	0.0	0.0	0.0	0.0	0.0	0.0	0.0	0.0	0.0	0.0	0.0	0.0	0.0	1.3618037041268594e-05	0.0	0.0	0.0	0.0	0.006272972816061565	0.0	2.1050319758660932e-05	0.0	0.0	0.0	0.0	0.0	0.0009596844150813319	0.6550907810816473	0.0	0.0	0.00015991363783704075	4.665647662648255e-05	0.028277512035302516	0.0	0.00046132111624605987	0.0037599401530723177	0.0	0.0	0.0	0.0	0.03252840722713618	0.0	0.0	0.0	0.0	0.0	0.0	0.00022177364104057122	0.0
mm_microglial cell	0.0	0.0	0.0	0.0	0.0	0.0	0.0	0.0	0.0	0.0	0.0	0.0	0.0	0.0	0.0	0.0	0.0	0.0	0.0	0.0	0.0	0.0	0.0	0.0	0.0	0.0	0.0	0.0	0.0	0.0	0.0	0.0	0.0	0.0	0.0	0.0	0.0	0.0	0.0	0.0	0.0	0.0	0.0	0.0	0.0	0.0	0.0	0.0	0.0	0.0	0.0	0.0	0.0	0.0	0.0	0.0	0.0	0.0	0.0	0.0	0.0	0.0	0.0	0.0	0.0	0.0	0.0	0.0	0.0	0.0	0.0	0.0	0.0	0.0	0.0	0.0	9.507334925021985e-05	4.599239728527929e-06	0.0	0.0	0.0	0.0	0.0	0.0	0.0	0.00011705305341237413	0.0	0.0	0.0	5.288932511658339e-05	0.0	2.7669920719669084e-05	0.0001123092166303484	0.0	0.0	0.00035531437234136013	0.0	3.9866107558997476e-05	0.0	1.8327414160460724e-05	8.417609350001722e-05	0.0	5.680241465744953e-05	0.0008115964905148331	0.0	0.0	0.0006188938002635449	0.0	0.9436947984772747	0.0	0.0	0.001041575191436706	0.0005193022478418086	0.0005923705989159737	0.002903238012747728	0.0	0.0	0.0	0.0006010395177679891	0.0
mm_midbrain dopaminergic neuron	0.0	0.0	0.0	0.0	0.0	0.0	0.0	0.0	0.0	0.0	0.0	0.0	0.0	0.0	0.0	0.0	0.0	0.0	0.0	0.0	0.0	0.0	0.0	0.0	0.0	0.0	0.0	0.0	0.0	0.0	0.0	0.0	0.0	0.0	0.0	0.0	0.0	0.0	0.0	0.0	0.0	0.0	0.0	0.0	0.0	0.0	0.0	0.0	0.0	0.0	0.0	0.0	0.0	0.0	0.0	0.0	0.0	0.0	0.0	0.0	0.0	0.0	0.0	0.0	0.0	0.0	0.0	0.0	0.0	0.0	0.0	0.0	0.0	0.0	0.0	0.0	0.0	0.0	0.0	0.0	0.0	0.0	0.0	0.0	0.0	0.0	0.0	0.0	0.0	0.0	0.0	0.0	0.0	0.0	0.0	0.0	0.0	0.0	0.0	0.0	0.0	0.0	0.0	0.0	0.0	0.0	0.0	0.0	0.0	0.0	0.0	0.9611848697133393	0.0	0.0	0.0	0.0	0.0	0.0	0.0	0.0
mm_monocyte	0.0	0.0	0.0	0.0	0.0	0.0	0.0	0.0	0.0	0.0	0.0	0.0	0.0	0.0	0.0	0.0	0.0	0.0	0.0	0.0	0.0	0.0	0.0	0.0	0.0	0.0	0.0	0.0	0.0	0.0	0.0	0.0	0.0	0.0	0.0	0.0	0.0	0.0	0.0	0.0	0.0	0.0	0.0	0.0	0.0	0.0	0.0	0.0	0.0	0.0	0.0	0.0	0.0	0.0	0.0	0.0	0.0	0.0	0.0	0.0	0.0	0.0	0.0	0.0	0.0	0.0	0.0	0.0	0.0	0.0	0.0	0.0	0.0	0.0	0.0	0.0	0.0	0.0	0.0	0.0	0.0	0.0	0.0	0.0	0.0	0.0	0.0	0.0	0.0	0.0	0.0	0.0	0.0	0.0	0.0	0.0	0.0	0.0	0.0	0.0	0.0	0.0	0.0	0.0	0.0	0.0	0.0	0.0	0.6813029049428008	0.0	0.0	0.0	0.0	0.0	0.0	0.0	0.0	0.0	0.0	0.0
mm_near-projecting glutamatergic cortical neuron	0.0	0.0	0.0	0.0	0.0	0.0	0.0	0.0	0.0	0.0	0.0	0.0	0.0	0.0	0.0	0.0	0.0	0.0	0.0	0.0	0.0	0.0	0.0	0.0	0.0	0.0	0.0	0.0	0.0	0.0	0.0	0.0	0.0	0.0	0.0	0.0	0.0	0.0	0.0	0.0	0.0	0.0	0.0	0.0	0.0	0.0	0.0	0.0	0.0	0.0	0.0	0.0	0.0	0.0	0.0	0.0	0.0	0.0	0.0	0.0	0.0	0.0	0.0	0.0	0.0	0.0	0.0	0.0	0.0	0.0	0.0	0.0	0.0	0.0	0.0	0.0	6.038380176920768e-06	0.0024384406944164116	9.218527080452035e-05	0.010062934887647017	0.9645497910267675	0.0	1.495002857533207e-05	7.401688836011802e-05	2.4431346973490182e-05	1.365890147997008e-06	0.0	0.0	0.0	7.097154336872756e-06	0.0	0.002397420881591591	0.0	0.0	0.07584845025242778	0.0	0.0	0.0	0.0	1.6795399284652177e-05	3.863398726164712e-05	0.0	0.0004182026898883334	0.0	0.0	0.0	0.000101113103065287	0.0	0.0	0.0	0.6053638644567346	0.000366830530809146	0.0	0.0	0.0	0.0	3.210251242961321e-05	0.0	3.710206896050333e-06	0.0
mm_neuron	0.0	0.0	0.0	0.0	0.0	0.0	0.0	0.0	0.0	0.0	0.0	0.0	0.0	0.0	0.0	0.0	0.0	0.0	0.0	0.0	0.0	0.0	0.0	0.0	0.0	0.0	0.0	0.0	0.0	0.0	0.0	0.0	0.0	0.0	0.0	0.0	0.0	0.0	0.0	0.0	0.0	0.0	0.0	0.0	0.0	0.0	0.0	0.0	0.0	0.0	0.0	0.0	0.0	0.0	0.0	0.0	0.0	0.0	0.0	0.0	0.0	0.0	0.0	0.0	0.0	0.0	0.0	0.0	0.0	0.0	0.0	0.0	0.0	0.0	0.0	0.0	0.0	0.0	0.0	0.0	0.0	0.0	0.0	0.0	0.0	0.0	0.0	0.0	0.0	6.948855150330612e-07	0.0	0.0	0.0	0.0008606780059558278	0.0	0.0	0.0	6.879320062095291e-06	1.475660404360985e-05	0.0	0.0	0.0	0.0	0.0	0.0	0.0	0.0001860728979259807	0.0	0.0	0.0	0.0	0.9580103146893567	0.0	0.0	2.7204002534035157e-06	0.0	0.0	0.0	0.0	0.0
mm_nucleus accumbens shell and olfactory tubercle D1 medium spiny neuron	0.0	0.0	0.0	0.0	0.0	0.0	0.0	0.0	0.0	0.0	0.0	0.0	0.0	0.0	0.0	0.0	0.0	0.0	0.0	0.0	0.0	0.0	0.0	0.0	0.0	0.0	0.0	0.0	0.0	0.0	0.0	0.0	0.0	0.0	0.0	0.0	0.0	0.0	0.0	0.0	0.0	0.0	0.0	0.0	0.0	0.0	0.0	0.0	0.0	0.0	0.0	0.0	0.0	0.0	0.0	0.0	0.0	0.0	0.0	0.0	0.0	0.0	0.0	0.0	0.0	0.0	0.0	0.0	0.0	0.0	0.0	0.0	0.0	0.0	0.0	0.0	0.0	0.0	0.0	0.0	0.0	0.0	0.0	0.0	0.0	0.0	0.0	0.0	0.0	0.0	0.0	0.0	0.0	0.0	0.0	0.0	0.0	0.24091161192675922	0.0028816750038235884	0.0	0.0	0.015310510962398643	0.0	0.00013850723520065196	0.0	0.03946025382836414	0.0	0.0	0.0	0.0	0.0	0.11589166809737325	0.0	0.0	0.0	0.0	0.0	0.0	0.0	0.0
mm_olfactory bulb interneuron	0.0	0.0	0.0	0.0	0.0	0.0	0.0	0.0	0.0	0.0	0.0	0.0	0.0	0.0	0.0	0.0	0.0	0.0	0.0	0.0	0.0	0.0	0.0	0.0	0.0	0.0	0.0	0.0	0.0	0.0	0.0	0.0	0.0	0.0	0.0	0.0	0.0	0.0	0.0	0.0	0.0	0.0	0.0	0.0	0.0	0.0	0.0	0.0	0.0	0.0	0.0	0.0	0.0	0.0	0.0	0.0	0.0	0.0	0.0	0.0	0.0	0.0	0.0	0.0	0.0	0.0	0.0	0.0	0.0	0.0	0.0	0.0	0.0	0.0	0.0	0.0	0.0	0.0	0.0	0.0	0.0	0.0	0.0	0.0	0.0	0.0	0.0	0.0	0.0	0.041539863413559065	0.0	0.0	0.0	0.0	0.0	0.0	0.0	0.0	0.00022474140686997956	0.0	0.0	6.0170672534569086e-05	0.0	0.0	0.0	0.0	0.0	0.0	0.0	0.0	0.0	0.20861069632005194	0.0	0.0	0.0	0.0	0.0	0.0	0.0	0.0
mm_olfactory ensheathing cell	0.0	0.0	0.0	0.0	0.0	0.0	0.0	0.0	0.0	0.0	0.0	0.0	0.0	0.0	0.0	0.0	0.0	0.0	0.0	0.0	0.0	0.0	0.0	0.0	0.0	0.0	0.0	0.0	0.0	0.0	0.0	0.0	0.0	0.0	0.0	0.0	0.0	0.0	0.0	0.0	0.0	0.0	0.0	0.0	0.0	0.0	0.0	0.0	0.0	0.0	0.0	0.0	0.0	0.0	0.0	0.0	0.0	0.0	0.0	0.0	0.0	0.0	0.0	0.0	0.0	0.0	0.0	0.0	0.0	0.0	0.0	0.0	0.0	0.0	0.0	0.0	0.0	0.0	0.0	0.0	0.0	0.0	0.0	0.0	0.0	0.0	0.0	0.0	0.0	0.0008342808050611232	0.0	0.0031389297423280818	0.0	0.0	0.0	0.0	0.0	0.0	0.0002629701139713821	0.0	0.0	0.0	0.0	0.0	0.0	0.0	0.002753445816111773	0.0	0.0	0.0	0.0	0.09820823602640476	0.0001454862175758709	0.0	0.002577172800912122	0.052754022749337895	0.0	0.0	0.0073644371168848895	0.0
mm_olfactory granule cell	0.0	0.0	0.0	0.0	0.0	0.0	0.0	0.0	0.0	0.0	0.0	0.0	0.0	0.0	0.0	0.0	0.0	0.0	0.0	0.0	0.0	0.0	0.0	0.0	0.0	0.0	0.0	0.0	0.0	0.0	0.0	0.0	0.0	0.0	0.0	0.0	0.0	0.0	0.0	0.0	0.0	0.0	0.0	0.0	0.0	0.0	0.0	0.0	0.0	0.0	0.0	0.0	0.0	0.0	0.0	0.0	0.0	0.0	0.0	0.0	0.0	0.0	0.0	0.0	0.0	0.0	0.0	0.0	0.0	0.0	0.0	0.0	0.0	0.0	0.0	0.0	0.0027690938588113686	1.999088555104942e-05	0.0	2.8908655832365806e-05	4.330421744464981e-06	1.600790240188107e-05	0.00011980930360165603	3.260519847465845e-05	9.659338886596128e-05	0.0013425144854440098	0.003951562079924866	0.0	0.0	0.0017312257790186708	0.0035494084470976046	0.061983576867112325	0.005605189822404698	0.0	8.491799898542161e-05	0.0008366892816275747	0.000407864254867881	0.001276269818794097	0.006104400245920813	0.00025254821882786496	0.0002678063023126958	0.00032516414174257896	9.208700630063029e-05	0.007059170668308396	0.0	2.1304763241563295e-05	0.05457931275985941	0.0002497218539876109	0.0	0.0	0.0	0.6176113567545276	0.006107704317511805	0.0007782753889876808	0.04437860186694717	0.0007848711071879666	8.025788033071982e-06	0.0	0.004088316107879415	0.0
mm_oligodendrocyte	0.0	0.0	0.0	0.0	0.0	0.0	0.0	0.0	0.0	0.0	0.0	0.0	0.0	0.0	0.0	0.0	0.0	0.0	0.0	0.0	0.0	0.0	0.0	0.0	0.0	0.0	0.0	0.0	0.0	0.0	0.0	0.0	0.0	0.0	0.0	0.0	0.0	0.0	0.0	0.0	0.0	0.0	0.0	0.0	0.0	0.0	0.0	0.0	0.0	0.0	0.0	0.0	0.0	0.0	0.0	0.0	0.0	0.0	0.0	0.0	0.0	0.0	0.0	0.0	0.0	0.0	0.0	0.0	0.0	0.0	0.0	0.0	0.0	0.0	0.0	0.0	0.0003488574546313151	0.0004296258443994254	0.0	0.0004300826685879323	0.0	0.0	0.001975628327231911	0.00022130056979941917	0.00014378915217313622	0.004087765160527051	0.005947963683257206	0.00026516110458117573	0.0	0.0	0.001381741786546977	0.006138739064787078	0.023669432682563638	0.02145653601240723	0.0034569914273018185	0.004088710639594067	0.0002646568772644754	5.634676290501514e-05	0.00010938750430502648	0.00198802284848158	0.0004905611929139503	0.0	0.0009109485801551137	0.0030827229471479312	0.004053692704687686	0.0	0.006257458251296042	0.01614311824948257	0.0	0.0	0.0	0.8138217971342506	0.004991091811889166	0.0030496216992981317	0.018890738149983537	0.0033177018846338156	0.011592097485739992	0.012906959784821943	0.006236312370251255	0.0
mm_oligodendrocyte precursor cell	0.0	0.0	0.0	0.0	0.0	0.0	0.0	0.0	0.0	0.0	0.0	0.0	0.0	0.0	0.0	0.0	0.0	0.0	0.0	0.0	0.0	0.0	0.0	0.0	0.0	0.0	0.0	0.0	0.0	0.0	0.0	0.0	0.0	0.0	0.0	0.0	0.0	0.0	0.0	0.0	0.0	0.0	0.0	0.0	0.0	0.0	0.0	0.0	0.0	0.0	0.0	0.0	0.0	0.0	0.0	0.0	0.0	0.0	0.0	0.0	0.0	0.0	0.0	0.0	0.0	0.0	0.0	0.0	0.0	0.0	0.0	0.0	0.0	0.0	0.0	0.0	2.5122648620563686e-05	4.277144750475228e-05	0.0	0.0	0.0	0.0	0.00025113255433699476	1.2723953882547899e-05	1.810303284088856e-05	0.0031464553277919644	0.005721115247797645	0.0	0.0	0.00029045039036301203	0.0	0.0017227426944113444	0.00016846602824552672	0.006795629907615046	0.0003900850529050856	0.013984561058957193	0.0002493187227813163	0.0003243909392586654	0.0002475270212839417	0.00027540199885833436	0.0001553640706537338	7.222843025230472e-06	0.0	0.009828468419274603	0.004225382157952308	1.817239089892337e-05	0.009866756380511977	0.0024138871174978443	0.0	0.0	0.0	0.3240722938727759	0.0034096038073957494	0.0037207312894933764	0.02005220341960374	0.003778170548398207	0.0016123576361578053	0.0016716178417386252	0.2991403570636122	0.0
mm_periglomerular cell	0.0	0.0	0.0	0.0	0.0	0.0	0.0	0.0	0.0	0.0	0.0	0.0	0.0	0.0	0.0	0.0	0.0	0.0	0.0	0.0	0.0	0.0	0.0	0.0	0.0	0.0	0.0	0.0	0.0	0.0	0.0	0.0	0.0	0.0	0.0	0.0	0.0	0.0	0.0	0.0	0.0	0.0	0.0	0.0	0.0	0.0	0.0	0.0	0.0	0.0	0.0	0.0	0.0	0.0	0.0	0.0	0.0	0.0	0.0	0.0	0.0	0.0	0.0	0.0	0.0	0.0	0.0	0.0	0.0	0.0	0.0	0.0	0.0	0.0	0.0	0.0	0.0	0.0	0.0	0.0	0.0	0.0	0.0	0.0	0.0	0.0031302845449808505	0.006663350824022085	0.0	0.0	7.240309905005561e-07	0.0031921518918978944	0.0	0.0	0.0	0.0	5.59294233121583e-05	0.0	0.0003607288876640331	0.024822183673204448	0.0	0.0	0.0	0.0	0.01579706508061521	0.0	0.0	0.04735938993819845	1.216332019954001e-05	0.0	0.0	0.0	0.31534051841219585	0.008380960500855562	0.00019562339609063015	0.16288825477381838	0.000352138302064931	0.0	0.0	0.009206729964015357	0.0
mm_pinealocyte	0.0	0.0	0.0	0.0	0.0	0.0	0.0	0.0	0.0	0.0	0.0	0.0	0.0	0.0	0.0	0.0	0.0	0.0	0.0	0.0	0.0	0.0	0.0	0.0	0.0	0.0	0.0	0.0	0.0	0.0	0.0	0.0	0.0	0.0	0.0	0.0	0.0	0.0	0.0	0.0	0.0	0.0	0.0	0.0	0.0	0.0	0.0	0.0	0.0	0.0	0.0	0.0	0.0	0.0	0.0	0.0	0.0	0.0	0.0	0.0	0.0	0.0	0.0	0.0	0.0	0.0	0.0	0.0	0.0	0.0	0.0	0.0	0.0	0.0	0.0	0.0	0.0	0.0	0.0	0.0	0.0	0.0	0.0	0.0	0.0	0.0	0.0	0.0	0.0	0.0	0.0	1.1921848301668376e-05	0.18962246023749602	0.0	0.0	0.0	0.0	0.0	3.3989451836554534e-06	0.0	0.0	0.0	0.0	0.0	0.0	0.0	0.00018125132262769068	0.0	0.0	0.0	0.0	0.31232840949365326	2.0855004169365283e-06	0.0	0.0005241955351628122	0.0	0.0	0.0	1.5533326491502205e-05	0.0
mm_pvalb GABAergic cortical interneuron	0.0	0.0	0.0	0.0	0.0	0.0	0.0	0.0	0.0	0.0	0.0	0.0	0.0	0.0	0.0	0.0	0.0	0.0	0.0	0.0	0.0	0.0	0.0	0.0	0.0	0.0	0.0	0.0	0.0	0.0	0.0	0.0	0.0	0.0	0.0	0.0	0.0	0.0	0.0	0.0	0.0	0.0	0.0	0.0	0.0	0.0	0.0	0.0	0.0	0.0	0.0	0.0	0.0	0.0	0.0	0.0	0.0	0.0	0.0	0.0	0.0	0.0	0.0	0.0	0.0	0.0	0.0	0.0	0.0	0.0	0.0	0.0	0.0	0.0	0.0	0.0	0.00019866797792512204	0.0	0.0	0.0	0.0	0.0	0.0	0.0	0.0	9.084605848483463e-05	5.893988137218953e-05	0.0	0.0	0.0	0.0	2.3237223756065164e-05	0.0	7.026101159327828e-05	0.0	0.005436448297560595	0.0	0.0	0.0	0.0	0.0	0.0	4.743180990561681e-06	0.00011248807896566232	0.0	0.0	0.00012490809193984895	0.0	0.0	0.0	0.0	0.0025821130187923423	0.92842182529205	0.0	0.1262572242146783	0.0	0.0	0.0	0.0020954079776519673	0.0
mm_raphe nuclei neuron	0.0	0.0	0.0	0.0	0.0	0.0	0.0	0.0	0.0	0.0	0.0	0.0	0.0	0.0	0.0	0.0	0.0	0.0	0.0	0.0	0.0	0.0	0.0	0.0	0.0	0.0	0.0	0.0	0.0	0.0	0.0	0.0	0.0	0.0	0.0	0.0	0.0	0.0	0.0	0.0	0.0	0.0	0.0	0.0	0.0	0.0	0.0	0.0	0.0	0.0	0.0	0.0	0.0	0.0	0.0	0.0	0.0	0.0	0.0	0.0	0.0	0.0	0.0	0.0	0.0	0.0	0.0	0.0	0.0	0.0	0.0	0.0	0.0	0.0	0.0	0.0	0.0	0.0	0.0	0.0	0.0	0.0	0.0	0.0	0.0	0.0	0.0	0.0	0.0	0.0	0.0	0.0	0.0	0.0	0.0	0.0	0.0	0.0	0.0	0.0	0.0	0.0	0.0	0.0	0.0	0.0	0.003032101111069891	0.0	0.0	0.0	0.0	0.8172684238181258	0.0	0.0	0.0	0.0	0.0	0.0	0.0	0.0
mm_sncg GABAergic cortical interneuron	0.0	0.0	0.0	0.0	0.0	0.0	0.0	0.0	0.0	0.0	0.0	0.0	0.0	0.0	0.0	0.0	0.0	0.0	0.0	0.0	0.0	0.0	0.0	0.0	0.0	0.0	0.0	0.0	0.0	0.0	0.0	0.0	0.0	0.0	0.0	0.0	0.0	0.0	0.0	0.0	0.0	0.0	0.0	0.0	0.0	0.0	0.0	0.0	0.0	0.0	0.0	0.0	0.0	0.0	0.0	0.0	0.0	0.0	0.0	0.0	0.0	0.0	0.0	0.0	0.0	0.0	0.0	0.0	0.0	0.0	0.0	0.0	0.0	0.0	0.0	0.0	0.0	0.0	0.0	0.0	0.0	0.0	0.0	0.0	0.0	0.0	0.028878879453150784	0.0	0.0	0.0	0.009097454530856867	0.0	0.0	0.0	0.0	0.0	0.0	0.0	0.0	0.0	0.0	0.0	0.0	0.008570657744665389	0.0	0.0	0.0004430155881156868	0.0	0.0	0.0	0.0	0.00025429453071724843	0.0	0.13822912069609988	0.0	0.0	0.0	0.0	0.9416126169345551	0.0
mm_sst GABAergic cortical interneuron	0.0	0.0	0.0	0.0	0.0	0.0	0.0	0.0	0.0	0.0	0.0	0.0	0.0	0.0	0.0	0.0	0.0	0.0	0.0	0.0	0.0	0.0	0.0	0.0	0.0	0.0	0.0	0.0	0.0	0.0	0.0	0.0	0.0	0.0	0.0	0.0	0.0	0.0	0.0	0.0	0.0	0.0	0.0	0.0	0.0	0.0	0.0	0.0	0.0	0.0	0.0	0.0	0.0	0.0	0.0	0.0	0.0	0.0	0.0	0.0	0.0	0.0	0.0	0.0	0.0	0.0	0.0	0.0	0.0	0.0	0.0	0.0	0.0	0.0	0.0	0.0	0.0	0.0	0.0	0.0	0.0	0.0	0.0	0.0	0.0	0.0	0.0	0.0	0.0	0.0	7.61325253793784e-05	1.133049045299696e-05	0.0	0.0	0.0	0.0	0.0	0.0	0.0	8.830466652991168e-07	0.0	0.0	0.0	0.0002978089985469604	0.0	0.0	0.0002603286108078077	0.0	0.0	0.0	0.0	0.00039818357719400963	0.012536615480862745	3.744605414543989e-05	0.884882374641033	0.3000912654891433	0.0	0.0	0.0003259644054548006	0.0
mm_sst chodl GABAergic cortical interneuron	0.0	0.0	0.0	0.0	0.0	0.0	0.0	0.0	0.0	0.0	0.0	0.0	0.0	0.0	0.0	0.0	0.0	0.0	0.0	0.0	0.0	0.0	0.0	0.0	0.0	0.0	0.0	0.0	0.0	0.0	0.0	0.0	0.0	0.0	0.0	0.0	0.0	0.0	0.0	0.0	0.0	0.0	0.0	0.0	0.0	0.0	0.0	0.0	0.0	0.0	0.0	0.0	0.0	0.0	0.0	0.0	0.0	0.0	0.0	0.0	0.0	0.0	0.0	0.0	0.0	0.0	0.0	0.0	0.0	0.0	0.0	0.0	0.0	0.0	0.0	0.0	0.0	0.0	0.0	0.0	0.0	0.0	0.0	0.0	0.0	0.0	0.0	0.0	0.0	0.0	0.0	0.0	0.0	0.0	0.0	0.0	0.0	0.0	0.0	0.0	0.0	0.0	0.0	2.5007985816277396e-06	0.0	0.0	0.0	0.0	0.0	0.0	0.0	0.030851270134513914	0.0	0.0	0.003780671005025041	0.9218747126398126	0.0	0.0	0.0	0.0
mm_tanycyte	0.0	0.0	0.0	0.0	0.0	0.0	0.0	0.0	0.0	0.0	0.0	0.0	0.0	0.0	0.0	0.0	0.0	0.0	0.0	0.0	0.0	0.0	0.0	0.0	0.0	0.0	0.0	0.0	0.0	0.0	0.0	0.0	0.0	0.0	0.0	0.0	0.0	0.0	0.0	0.0	0.0	0.0	0.0	0.0	0.0	0.0	0.0	0.0	0.0	0.0	0.0	0.0	0.0	0.0	0.0	0.0	0.0	0.0	0.0	0.0	0.0	0.0	0.0	0.0	0.0	0.0	0.0	0.0	0.0	0.0	0.0	0.0	0.0	0.0	0.0	0.0	0.0	0.0	0.0	0.0	0.0	0.0	0.0	0.0	0.0	0.0	0.0	0.0	0.0	0.0	0.0	0.0	0.00044634483401050204	0.0	0.0	0.0	0.0	0.0	0.0	0.0	0.0	0.0	0.0	0.0	0.0	0.0	0.0	0.0	0.0	0.0	0.0	0.41419286160624236	0.0	0.0	0.0	0.0	0.0	0.0	0.0	0.0
mm_thalamic excitatory neuron	0.0	0.0	0.0	0.0	0.0	0.0	0.0	0.0	0.0	0.0	0.0	0.0	0.0	0.0	0.0	0.0	0.0	0.0	0.0	0.0	0.0	0.0	0.0	0.0	0.0	0.0	0.0	0.0	0.0	0.0	0.0	0.0	0.0	0.0	0.0	0.0	0.0	0.0	0.0	0.0	0.0	0.0	0.0	0.0	0.0	0.0	0.0	0.0	0.0	0.0	0.0	0.0	0.0	0.0	0.0	0.0	0.0	0.0	0.0	0.0	0.0	0.0	0.0	0.0	0.0	0.0	0.0	0.0	0.0	0.0	0.0	0.0	0.0	0.0	0.0	0.0	0.000248921185335307	0.0	0.0	4.0185643290831955e-05	0.0	0.0	0.0	0.0	0.0	0.0	0.0	0.0	0.0	0.0	0.0	5.055728594603009e-06	0.0	0.0	0.0	0.0	0.0	0.0	0.0	0.0	0.0	0.0	0.0001927889191886442	0.0	0.0	0.0	0.0018311349576777707	0.0	0.0	0.0	0.0	0.001091303116333452	0.0	0.0	0.0	0.0	0.9785095077617791	0.0	0.0	0.0
mm_unipolar brush cell	0.0	0.0	0.0	0.0	0.0	0.0	0.0	0.0	0.0	0.0	0.0	0.0	0.0	0.0	0.0	0.0	0.0	0.0	0.0	0.0	0.0	0.0	0.0	0.0	0.0	0.0	0.0	0.0	0.0	0.0	0.0	0.0	0.0	0.0	0.0	0.0	0.0	0.0	0.0	0.0	0.0	0.0	0.0	0.0	0.0	0.0	0.0	0.0	0.0	0.0	0.0	0.0	0.0	0.0	0.0	0.0	0.0	0.0	0.0	0.0	0.0	0.0	0.0	0.0	0.0	0.0	0.0	0.0	0.0	0.0	0.0	0.0	0.0	0.0	0.0	0.0	0.0	0.0	0.0	0.0	0.0	0.0	0.0	0.0	0.0	0.0	0.0	0.0	0.0	0.0	0.0	0.0	0.0	0.0	0.0	0.0	0.0	0.0	0.0	0.0	0.0	0.0	0.0	0.0	0.00020285160927324496	0.0	0.0003584053402235736	0.0	0.0	0.0	0.0	0.0015998968907103175	0.0	0.0	0.0	0.0	0.0	0.9891158495694231	0.0	0.0
mm_vascular associated smooth muscle cell	0.0	0.0	0.0	0.0	0.0	0.0	0.0	0.0	0.0	0.0	0.0	0.0	0.0	0.0	0.0	0.0	0.0	0.0	0.0	0.0	0.0	0.0	0.0	0.0	0.0	0.0	0.0	0.0	0.0	0.0	0.0	0.0	0.0	0.0	0.0	0.0	0.0	0.0	0.0	0.0	0.0	0.0	0.0	0.0	0.0	0.0	0.0	0.0	0.0	0.0	0.0	0.0	0.0	0.0	0.0	0.0	0.0	0.0	0.0	0.0	0.0	0.0	0.0	0.0	0.0	0.0	0.0	0.0	0.0	0.0	0.0	0.0	0.0	0.0	0.0	0.0	7.5757675572055346e-06	0.0	0.0	0.0	0.0	0.0	0.0	0.0	0.0	0.0	0.0	0.0	0.0	0.0	0.0	5.613065769966738e-05	0.005299147216634425	0.0	0.0	0.0	0.0008379463909703412	0.0	0.0	0.0	0.0	0.0	0.0	0.0	0.0	0.0	6.559021657805773e-07	0.0	0.0	0.0	0.0	0.010039962080166703	0.00014668203187827034	1.5846266399441678e-05	0.00021434079947748203	0.0	0.1782437578320504	0.00709231964401157	0.0	0.0
mm_vascular leptomeningeal cell	0.0	0.0	0.0	0.0	0.0	0.0	0.0	0.0	0.0	0.0	0.0	0.0	0.0	0.0	0.0	0.0	0.0	0.0	0.0	0.0	0.0	0.0	0.0	0.0	0.0	0.0	0.0	0.0	0.0	0.0	0.0	0.0	0.0	0.0	0.0	0.0	0.0	0.0	0.0	0.0	0.0	0.0	0.0	0.0	0.0	0.0	0.0	0.0	0.0	0.0	0.0	0.0	0.0	0.0	0.0	0.0	0.0	0.0	0.0	0.0	0.0	0.0	0.0	0.0	0.0	0.0	0.0	0.0	0.0	0.0	0.0	0.0	0.0	0.0	0.0	0.0	0.0	0.0	0.0	0.0	0.0	0.0	0.0	0.0	0.0	0.0	0.0	0.0	0.0	0.0	0.0	0.00021385834399108677	0.001017326676471595	0.0	1.1059809972792137e-06	0.0006613838911006647	0.003690634206303553	0.0	0.0	4.6029858636326894e-06	0.0	0.0	0.0	0.0002873577938987355	1.0554834432170552e-05	0.0	0.0003508241256898498	0.0	0.0	0.0	0.0	0.2559892398605865	1.3197203533407519e-05	3.1247931942421665e-05	0.0011966847777641547	0.0	0.026947716568583448	0.0	0.041154727407758204	0.0
mm_vip GABAergic cortical interneuron	0.0	0.0	0.0	0.0	0.0	0.0	0.0	0.0	0.0	0.0	0.0	0.0	0.0	0.0	0.0	0.0	0.0	0.0	0.0	0.0	0.0	0.0	0.0	0.0	0.0	0.0	0.0	0.0	0.0	0.0	0.0	0.0	0.0	0.0	0.0	0.0	0.0	0.0	0.0	0.0	0.0	0.0	0.0	0.0	0.0	0.0	0.0	0.0	0.0	0.0	0.0	0.0	0.0	0.0	0.0	0.0	0.0	0.0	0.0	0.0	0.0	0.0	0.0	0.0	0.0	0.0	0.0	0.0	0.0	0.0	0.0	0.0	0.0	0.0	0.0	0.0	7.204735448288393e-05	1.1992233855098544e-05	0.0	6.456160587152217e-06	0.0	0.0	0.0	0.0	0.0	1.3069284213406966e-05	0.000586197568227936	0.0	0.0	2.7885081568943626e-06	0.005271992428035915	8.070425566695888e-05	0.0	0.0	0.0	4.834872638382689e-06	0.0	0.0	0.0	0.0	0.0	0.0	1.1963250530593191e-05	0.0007906076754685052	0.0	0.0	0.0008007258214708098	0.0	0.0	0.0	0.0	3.738381483251241e-05	1.8979870209685949e-06	0.07666258726381812	8.702716958591502e-05	0.0	0.0	0.0	0.9772408260494109	0.0
hs_B cell	0.0	0.0	0.0	0.0	0.0	0.0	0.0	0.0	0.0	0.0	0.0	0.0	0.0	0.0	0.0	0.0	0.0	0.0	0.0	0.0	0.0	0.0	0.0	0.0	0.0	0.0	0.0	0.0	0.0	0.0	0.0	0.0	0.0	0.0	0.0	0.0	0.0	0.0	0.0	0.0	0.0	0.0	0.0	0.0	0.0	0.0	0.0	0.9875284154654123	0.0	0.0	0.0	0.0	0.0	0.0	0.0	0.0	0.0	0.0	0.0	0.0	0.0	0.0	0.0	0.0	0.0	0.0	0.0	0.0	0.0	0.0	0.0	0.0	0.0	0.0	0.0	0.0	0.0	0.0	0.0	0.0	0.0	0.0	0.0	0.0	0.0	0.0	0.0	0.0	0.0	0.0	0.0	0.0	0.0	0.0	0.0	0.0	0.0	0.0	0.0	0.0	0.0	0.0	0.0	0.0	0.0	0.0	0.0	0.0	0.0	0.0	0.0	0.0	0.0	0.0	0.0	0.0	0.0	0.0	0.0	0.0
hs_L2/3 intratelencephalic projecting glutamatergic neuron	0.0	2.7127248837929065e-07	0.0	1.7555717866862807e-05	0.0	0.0264698502129986	0.7831482226907152	0.5564879123257848	0.03001329762307931	0.04611445536995579	0.0017600143182217858	0.10465571886402232	3.54823825751121e-05	0.0	0.0	0.04799193871549764	8.02625300063112e-07	1.2413387630673853e-05	0.0	5.8101396753553844e-05	0.0	0.0	1.2894163383998963e-05	0.0	0.0	4.169146394892868e-06	0.0	1.4582772920063305e-05	0.0	0.0	0.0	0.0	0.0	0.0003533981498011205	0.0	0.028710926205190095	0.0	0.016184671553890372	0.0	0.0	0.00945174654522508	0.0	0.0007039014059265686	0.0	0.0	0.016100195324429075	0.0	3.4608620065548953e-06	0.0	0.0	0.0	9.507334925021985e-05	0.0	0.0	6.038380176920768e-06	0.0	0.0	0.0	0.0	0.0027690938588113686	0.0003488574546313151	2.5122648620563686e-05	0.0	0.0	0.00019866797792512204	0.0	0.0	0.0	0.0	0.0	0.000248921185335307	0.0	7.5757675572055346e-06	0.0	7.204735448288393e-05	0.0	0.0	0.0	0.0	0.0	0.0	0.0	0.0	0.0	0.0	0.0	0.0	0.0	0.0	0.0	0.0	0.0	0.0	0.0	0.0	0.0	0.0	0.0	0.0	0.0	0.0	0.0	0.0	0.0	0.0	0.0	0.0	0.0	0.0	0.0	0.0	0.0	0.0	0.0	0.0	0.0	0.0	0.0	0.0	0.0
hs_L4 intratelencephalic projecting glutamatergic neuron	0.0	0.0	0.0	0.0	0.0	0.0019421915194479376	0.01474650651811155	0.8147872399904632	0.0	0.035261821200665025	0.00019262553824448393	0.0	0.0006272514251956611	0.0	0.0	0.0008576315014533345	0.0	2.880196322397693e-05	0.0	4.316140699477597e-05	0.0	0.0	0.0	0.0	0.0	0.0	0.0	0.0	0.0	0.0	0.0	0.0	0.0	0.0002498776355566359	0.0	0.0	0.0	0.0	0.0	0.0	0.0005838054845115915	0.0	0.0	0.0	0.0	3.908772644293101e-06	0.0	0.0	0.0	0.0	0.0	4.599239728527929e-06	0.0	0.0	0.0024384406944164116	0.0	0.0	0.0	0.0	1.999088555104942e-05	0.0004296258443994254	4.277144750475228e-05	0.0	0.0	0.0	0.0	0.0	0.0	0.0	0.0	0.0	0.0	0.0	0.0	1.1992233855098544e-05	0.0	0.0	0.0	0.0	0.0	0.0	0.0	0.0	0.0	0.0	0.0	0.0	0.0	0.0	0.0	0.0	0.0	0.0	0.0	0.0	0.0	0.0	0.0	0.0	0.0	0.0	0.0	0.0	0.0	0.0	0.0	0.0	0.0	0.0	0.0	0.0	0.0	0.0	0.0	0.0	0.0	0.0	0.0	0.0	0.0
hs_L5 extratelencephalic projecting glutamatergic cortical neuron	0.0	0.0	0.0	0.0	0.0	9.493502752786402e-05	0.0003099565039508757	0.0	0.5986316694319768	0.0	0.00069160181891287	0.0	0.0	0.0	0.0	0.0	0.0	0.0	0.0	0.0	0.0	0.0	0.0	0.0	0.0	0.0	0.0	0.0	0.0	0.0	0.0	0.0	0.0	0.0	0.0	0.0	0.0	0.0	0.0	0.0	0.020630096423134146	0.0	0.0	0.0	0.0	0.0	0.0	0.0	0.0	0.0	0.0	0.0	0.0	0.0	9.218527080452035e-05	0.0	0.0	0.0	0.0	0.0	0.0	0.0	0.0	0.0	0.0	0.0	0.0	0.0	0.0	0.0	0.0	0.0	0.0	0.0	0.0	0.0	0.0	0.0	0.0	0.0	0.0	0.0	0.0	0.0	0.0	0.0	0.0	0.0	0.0	0.0	0.0	0.0	0.0	0.0	0.0	0.0	0.0	0.0	0.0	0.0	0.0	0.0	0.0	0.0	0.0	0.0	0.0	0.0	0.0	0.0	0.0	0.0	0.0	0.0	0.0	0.0	0.0	0.0	0.0	0.0
hs_L5 intratelencephalic projecting glutamatergic neuron	0.0	0.0	0.0	0.0	0.0	0.018506577288227258	0.017586949463989338	0.3266732878000686	0.040885092942718214	0.42357451531492646	0.00477969564124738	0.02019606740011365	0.004517105576604544	0.0	0.0	0.004822057215082884	0.0	5.039125262579857e-06	0.0	8.004615673042395e-05	0.0	0.0	0.0	0.0	0.0	0.0	0.0	0.0	0.0	0.0	0.0	0.0	0.0	0.025725497216361908	0.0	0.0	0.0	8.467408440982076e-07	0.0	0.0	0.0015121554783269827	0.0	2.4216904602973837e-05	0.0	0.0	0.06773224581060402	0.0	0.0	0.0	0.0	0.0	0.0	0.0	0.0	0.010062934887647017	0.0	0.0	0.0	0.0	2.8908655832365806e-05	0.0004300826685879323	0.0	0.0	0.0	0.0	0.0	0.0	0.0	0.0	0.0	4.0185643290831955e-05	0.0	0.0	0.0	6.456160587152217e-06	0.0	0.0	0.0	0.0	0.0	0.0	0.0	0.0	0.0	0.0	0.0	0.0	0.0	0.0	0.0	0.0	0.0	0.0	0.0	0.0	0.0	0.0	0.0	0.0	0.0	0.0	0.0	0.0	0.0	0.0	0.0	0.0	0.0	0.0	0.0	0.0	0.0	0.0	0.0	0.0	0.0	0.0	0.0	0.0	0.0
hs_L5/6 near-projecting glutamatergic neuron	0.0	0.0	0.0	0.0	0.0	0.0	0.0011590976692545175	2.1555307317747596e-06	0.0	8.922042743752477e-06	2.069575981510607e-05	0.0	0.0	0.0	0.0	0.0	7.464879750589872e-06	0.00014605666234062114	0.0	0.0005256111286915199	0.0	0.0	0.0	0.0	0.0	0.0	3.250088923172261e-05	0.0	0.0	0.0	0.0	0.0	0.0	6.327028606291005e-05	0.0	0.0	0.0	0.0	0.0	0.0	3.6461328283928486e-05	0.0	0.0	0.0	0.0	0.0	0.0	0.0	0.0	0.0	0.0	0.0	0.0	0.0	0.9645497910267675	0.0	0.0	0.0	0.0	4.330421744464981e-06	0.0	0.0	0.0	0.0	0.0	0.0	0.0	0.0	0.0	0.0	0.0	0.0	0.0	0.0	0.0	0.0	0.0	0.0	0.0	0.0	0.0	0.0	0.0	0.0	0.0	0.0	0.0	0.0	0.0	0.0	0.0	0.0	0.0	0.0	0.0	0.0	0.0	0.0	0.0	0.0	0.0	0.0	0.0	0.0	0.0	0.0	0.0	0.0	0.0	0.0	0.0	0.0	0.0	0.0	0.0	0.0	0.0	0.0	0.0	0.0
hs_L6 corticothalamic-projecting glutamatergic cortical neuron	0.0	0.0	0.0	0.0	0.0	0.0	1.3574614315913384e-06	2.3066294874679887e-06	0.0	1.8460169291064696e-06	0.9561954086505533	0.00011228148381101171	0.0011215313482984695	0.0	0.0	0.0	0.0	0.0	0.0	0.0	0.0	0.0	0.0	0.0	0.0	0.0	0.0	0.0	0.0	0.0	0.0	0.0	0.0	0.0015850859664304738	0.0	0.0	0.0	0.0	0.0	0.0	0.0	0.0	0.0	0.0	0.0	4.759607744669521e-05	0.0	0.0	0.0	0.0	0.0	0.0	0.0	0.0	0.0	0.0	0.0	0.0	0.0	1.600790240188107e-05	0.0	0.0	0.0	0.0	0.0	0.0	0.0	0.0	0.0	0.0	0.0	0.0	0.0	0.0	0.0	0.0	0.0	0.0	0.0	0.0	0.0	0.0	0.0	0.0	0.0	0.0	0.0	0.0	0.0	0.0	0.0	0.0	0.0	0.0	0.0	0.0	0.0	0.0	0.0	0.0	0.0	0.0	0.0	0.0	0.0	0.0	0.0	0.0	0.0	0.0	0.0	0.0	0.0	0.0	0.0	0.0	0.0	0.0	0.0	0.0
hs_L6 intratelencephalic projecting Car3 glutamatergic neuron	0.0	0.0	0.0	0.0	0.0	0.00018250374210851118	0.003023783912193768	0.001614663766039872	0.0	0.0061340284286429455	0.00031803240596279544	0.017726975537146514	7.143997944025329e-06	0.0	0.0	7.907819608338009e-05	0.0	0.00012129696908125135	0.0	0.0012573152627672916	0.0	0.0	0.0	0.0	0.0	0.0	2.680341195494786e-06	0.0	0.0	0.0	0.0	0.0	0.0	0.0	0.0	1.0032463729831587e-05	0.0	9.443897633354808e-06	0.0	0.0	0.8665441235362786	0.0	0.0	0.0	0.0	0.001621414406461136	0.0	0.0	0.0	0.0	0.0	0.0	0.0	0.0	1.495002857533207e-05	0.0	0.0	0.0	0.0	0.00011980930360165603	0.001975628327231911	0.00025113255433699476	0.0	0.0	0.0	0.0	0.0	0.0	0.0	0.0	0.0	0.0	0.0	0.0	0.0	0.0	0.0	0.0	0.0	0.0	0.0	0.0	0.0	0.0	0.0	0.0	0.0	0.0	0.0	0.0	0.0	0.0	0.0	0.0	0.0	0.0	0.0	0.0	0.0	0.0	0.0	0.0	0.0	0.0	0.0	0.0	0.0	0.0	0.0	0.0	0.0	0.0	0.0	0.0	0.0	0.0	0.0	0.0	0.0	0.0
hs_L6 intratelencephalic projecting glutamatergic neuron	0.0	0.0	0.0	0.0	0.0	0.00022771348097838992	0.0022772004103444455	0.03125326607909769	0.0005019308550778809	0.23273946470776136	0.008884342895566031	0.7253772246768937	0.0005813055492074383	0.0	0.0	0.002310183642734086	0.0	0.0	0.0	7.444095499068232e-05	0.0	0.0	0.0	0.0	0.0	0.0	0.0	0.0	0.0	0.0	0.0	0.0	0.0	0.0	0.0	6.888322076179799e-05	0.0	0.0	0.0	0.0	0.0002113691694848647	0.0	6.124417030413505e-05	0.0	0.0	0.0874529498119627	0.0	0.0	0.0	0.0	0.0	0.0	0.0	0.0	7.401688836011802e-05	0.0	0.0	0.0	0.0	3.260519847465845e-05	0.00022130056979941917	1.2723953882547899e-05	0.0	0.0	0.0	0.0	0.0	0.0	0.0	0.0	0.0	0.0	0.0	0.0	0.0	0.0	0.0	0.0	0.0	0.0	0.0	0.0	0.0	0.0	0.0	0.0	0.0	0.0	0.0	0.0	0.0	0.0	0.0	0.0	0.0	0.0	0.0	0.0	0.0	0.0	0.0	0.0	0.0	0.0	0.0	0.0	0.0	0.0	0.0	0.0	0.0	0.0	0.0	0.0	0.0	0.0	0.0	0.0	0.0	0.0
hs_L6b glutamatergic cortical neuron	0.0	0.0	0.0	4.847775132552694e-06	0.0	0.0	0.0	2.018225543321144e-05	8.72580953494909e-05	0.0	0.2594858902844124	0.0	0.5703470841012221	0.0	0.0	0.0	0.0	0.0002705704507928523	0.0	0.00020339864936326203	0.0	0.0	0.0	0.0	0.0	0.0	0.0	0.0	0.0	0.0	0.0	0.0	0.0	0.00925613492696596	0.0	1.7088385392046133e-06	0.0	0.0	0.0	0.0	3.835056560309948e-05	0.0	0.0	0.0	0.0	0.00016874556723342555	0.0	0.0	0.0	0.0	1.3618037041268594e-05	0.0	0.0	0.0	2.4431346973490182e-05	0.0	0.0	0.0	0.0	9.659338886596128e-05	0.00014378915217313622	1.810303284088856e-05	0.0	0.0	0.0	0.0	0.0	0.0	0.0	0.0	0.0	0.0	0.0	0.0	0.0	0.0	0.0	0.0	0.0	0.0	0.0	0.0	0.0	0.0	0.0	0.0	0.0	0.0	0.0	0.0	0.0	0.0	0.0	0.0	0.0	0.0	0.0	0.0	0.0	0.0	0.0	0.0	0.0	0.0	0.0	0.0	0.0	0.0	0.0	0.0	0.0	0.0	0.0	0.0	0.0	0.0	0.0	0.0	0.0	0.0
hs_Lamp5 Lhx6 neuron	0.0	3.8115621861303117e-06	0.0	0.0	0.0	0.0	0.0	0.0	0.0	0.0	0.0	0.0	0.0	0.707613197341696	0.0	0.0	0.0010370784657846048	0.00041609377180610045	0.0	0.005059120013409421	0.0	0.0	0.0	0.0	0.003446930688886793	0.00014776164759987455	0.0	0.0	0.0	0.0	0.0059452484414739045	0.0	0.0	0.0	0.0	7.860608122561177e-06	0.0	8.38013610749575e-05	0.0	0.0	1.192793622129082e-05	0.0	0.0	0.0	0.0	5.376927967060205e-06	0.5136436301978231	0.0	0.0	0.0	0.0	0.00011705305341237413	0.0	0.0	1.365890147997008e-06	0.0	0.0	0.0	0.0	0.0013425144854440098	0.004087765160527051	0.0031464553277919644	0.0031302845449808505	0.0	9.084605848483463e-05	0.0	0.0	0.0	0.0	0.0	0.0	0.0	0.0	0.0	1.3069284213406966e-05	0.0	0.0	0.0	0.0	0.0	0.0	0.0	0.0	0.0	0.0	0.0	0.0	0.0	0.0	0.0	0.0	0.0	0.0	0.0	0.0	0.0	0.0	0.0	0.0	0.0	0.0	0.0	0.0	0.0	0.0	0.0	0.0	0.0	0.0	0.0	0.0	0.0	0.0	0.0	0.0	0.0	0.0	0.0	0.0	0.0
hs_PAX6 GABAergic cortical interneuron	0.0	0.00034271666474246633	0.0	0.0	0.0	0.0	0.0	0.0	0.0	0.0	0.0	0.0	0.0	0.0	0.0	0.0	0.0	0.006012554059267947	0.0	0.025384423271240186	0.0	0.0	0.0	0.0	0.0032457100106526985	0.0	0.0	0.0	0.0	0.0	0.0	0.0	0.0	0.0	0.0	0.0	0.0	1.9967355890025776e-05	0.0	0.0	0.0	0.0	0.0	0.0	0.0	0.0	0.4487393561018213	0.0	0.0	0.0	0.0	0.0	0.0	0.0	0.0	0.0	0.0	0.0	0.0	0.003951562079924866	0.005947963683257206	0.005721115247797645	0.006663350824022085	0.0	5.893988137218953e-05	0.0	0.028878879453150784	0.0	0.0	0.0	0.0	0.0	0.0	0.0	0.000586197568227936	0.0	0.0	0.0	0.0	0.0	0.0	0.0	0.0	0.0	0.0	0.0	0.0	0.0	0.0	0.0	0.0	0.0	0.0	0.0	0.0	0.0	0.0	0.0	0.0	0.0	0.0	0.0	0.0	0.0	0.0	0.0	0.0	0.0	0.0	0.0	0.0	0.0	0.0	0.0	0.0	0.0	0.0	0.0	0.0	0.0
hs_Purkinje cell	0.0	0.0	0.0	0.0	0.0	0.0	0.0	0.0	0.0	0.0	0.0	0.0	0.0	0.0	0.9695964317075644	0.0	0.0	0.0	0.0	0.0	0.0	0.0	0.008221954217022705	0.0	0.0	0.0	0.00027231518352454926	0.00012521419214559987	0.0	0.0	0.0	0.0	0.0	0.0	0.0	0.0	0.0	0.0	0.0	0.0	0.0	0.0	0.0	0.0	0.0	0.0	0.0	0.0	0.0	0.0	0.0	0.0	0.0	0.0	0.0	0.0	0.0	0.0	0.0	0.0	0.00026516110458117573	0.0	0.0	0.0	0.0	0.0	0.0	0.0	0.0	0.0	0.0	0.0	0.0	0.0	0.0	0.0	0.0	0.0	0.0	0.0	0.0	0.0	0.0	0.0	0.0	0.0	0.0	0.0	0.0	0.0	0.0	0.0	0.0	0.0	0.0	0.0	0.0	0.0	0.0	0.0	0.0	0.0	0.0	0.0	0.0	0.0	0.0	0.0	0.0	0.0	0.0	0.0	0.0	0.0	0.0	0.0	0.0	0.0	0.0	0.0
hs_T cell	0.0	0.0	0.0	0.0	0.0	0.0	0.0	0.0	0.0	0.0	0.0	0.0	0.0	0.0	0.0	0.0	0.0	0.0	0.0	0.0	0.0	0.0	0.0	0.0	0.0	0.0	0.0	0.0	0.0	0.0	0.0	0.0	0.0	0.0	0.0	0.0	0.0	0.0	0.0	0.0	0.0	0.0	0.0	0.0	0.0	0.0	0.0	0.9990875032797524	0.0	0.0	0.0	0.0	0.0	0.0	0.0	0.0	0.0	0.0	0.0	0.0	0.0	0.0	0.0	0.0	0.0	0.0	0.0	0.0	0.0	0.0	0.0	0.0	0.0	0.0	0.0	0.0	0.0	0.0	0.0	0.0	0.0	0.0	0.0	0.0	0.0	0.0	0.0	0.0	0.0	0.0	0.0	0.0	0.0	0.0	0.0	0.0	0.0	0.0	0.0	0.0	0.0	0.0	0.0	0.0	0.0	0.0	0.0	0.0	0.0	0.0	0.0	0.0	0.0	0.0	0.0	0.0	0.0	0.0	0.0	0.0
hs_amygdala excitatory neuron	0.0	1.916457571402568e-06	0.00019847229003940693	0.0002252920668395764	0.00011293972888432083	0.008291502383671824	0.44908581158798333	0.005725060172380085	0.007271564406915555	0.00010813604430896311	5.976839598831991e-06	0.0008566040458581125	0.0003086146935608997	0.0	0.0	0.4003920302247441	0.0	0.0003492749749681443	0.0	0.00020156706431213165	0.0	0.0	0.0	0.0	0.0	0.0	0.0	0.0	0.0	0.0	0.0	0.0	0.0	0.00019896019985098998	0.0	0.020618784174320486	0.0001487070255008904	0.0	0.0	0.0	0.00766249135649813	0.0	0.002319107274726266	0.0008630667948686367	9.473295297600068e-05	0.23539235492263977	3.0145520664110196e-06	0.0	0.0	0.0	0.006272972816061565	5.288932511658339e-05	0.0	0.0	7.097154336872756e-06	6.948855150330612e-07	0.0	0.041539863413559065	0.0008342808050611232	0.0017312257790186708	0.0	0.00029045039036301203	7.240309905005561e-07	0.0	0.0	0.0	0.0	0.0	0.0	0.0	0.0	0.0	0.0	0.0	2.7885081568943626e-06	0.0	0.0	0.0	0.0	0.0	0.0	0.0	0.0	0.0	0.0	0.0	0.0	0.0	0.0	0.0	0.0	0.0	0.0	0.0	0.0	0.0	0.0	0.0	0.0	0.0	0.0	0.0	0.0	0.0	0.0	0.0	0.0	0.0	0.0	0.0	0.0	0.0	0.0	0.0	0.0	0.0	0.0	0.0	0.0	0.0
hs_caudal ganglionic eminence derived GABAergic cortical interneuron	0.0	0.0	0.0	0.043904794203788976	0.0	0.0	0.0	0.0	0.0	0.0	0.0	0.0	0.0	0.0	0.0	0.0	0.0	0.0	0.0	0.0	0.0	0.0	0.0	0.0	0.03266313160040345	0.0	0.0	0.0	0.0	0.0	0.0	0.0	0.0	0.0	0.0	0.0	0.0	0.0	0.0	0.0	0.0	0.0	0.0	0.0	0.0	0.0	0.17451060268982072	0.0	0.0	0.0	0.0	0.0	0.0	0.0	0.0	0.0	0.0	0.0	0.0	0.0035494084470976046	0.001381741786546977	0.0	0.0031921518918978944	0.0	0.0	0.0	0.009097454530856867	7.61325253793784e-05	0.0	0.0	0.0	0.0	0.0	0.0	0.005271992428035915	0.0	0.0	0.0	0.0	0.0	0.0	0.0	0.0	0.0	0.0	0.0	0.0	0.0	0.0	0.0	0.0	0.0	0.0	0.0	0.0	0.0	0.0	0.0	0.0	0.0	0.0	0.0	0.0	0.0	0.0	0.0	0.0	0.0	0.0	0.0	0.0	0.0	0.0	0.0	0.0	0.0	0.0	0.0	0.0	0.0
hs_cell	0.0	0.002108010008885949	0.0	0.0022926358707205854	0.0	0.4136656554082595	0.5150736682078401	0.04189047635690547	0.04300471273397818	0.012079632193940381	0.0024443102917155544	0.0006036422122002366	0.0005791851148796881	0.0	0.0	0.00504554287840781	8.685222226486224e-05	0.0007140392352919894	0.0	0.0025315520996820797	0.0026116850748012788	0.0	0.00013870340123175868	0.0	0.0	0.0	0.0	0.0	0.0	0.0	0.0	0.0	0.0	0.0003605908222744137	0.0	0.019019324122198755	0.0	2.5638016541013226e-05	0.0	0.0	0.0011818172379014936	7.786278313886372e-05	0.00016815795090124197	0.0	0.0	0.0001514900719252983	0.0	8.592792061086417e-05	0.0	0.0	2.1050319758660932e-05	2.7669920719669084e-05	0.0	0.0	0.002397420881591591	0.0	0.0	0.0	0.0031389297423280818	0.061983576867112325	0.006138739064787078	0.0017227426944113444	0.0	1.1921848301668376e-05	2.3237223756065164e-05	0.0	0.0	1.133049045299696e-05	0.0	0.0	5.055728594603009e-06	0.0	5.613065769966738e-05	0.00021385834399108677	8.070425566695888e-05	0.0	0.0	0.0	0.0	0.0	0.0	0.0	0.0	0.0	0.0	0.0	0.0	0.0	0.0	0.0	0.0	0.0	0.0	0.0	0.0	0.0	0.0	0.0	0.0	0.0	0.0	0.0	0.0	0.0	0.0	0.0	0.0	0.0	0.0	0.0	0.0	0.0	0.0	0.0	0.0	0.0	0.0	0.0	0.0	0.0
hs_cerebellar granule cell	0.0	0.02344169177730267	0.0	0.0	0.0	0.0	6.971258363905353e-06	0.0	0.0	0.0	2.8713527041216595e-05	0.0	0.0	0.0	0.0	0.0	4.836721579786941e-05	0.0001281189412711334	0.0	0.00034022372261254517	0.0013816328863366727	0.0	0.18445214577930594	5.9691590764245386e-05	0.0	0.31445442980492927	0.9903605056625056	0.00023637511772308254	0.0003920725404430771	0.0	0.0	0.0	0.007932051766462046	0.0	0.0	0.0004569768639168524	0.0	0.11177686069876216	0.0	0.0	8.261289478043696e-07	0.0	0.0	0.0	0.0	0.0	0.0	0.0	0.0	0.0	0.0	0.0001123092166303484	0.0	0.0	0.0	0.0	0.0	0.0	0.0	0.005605189822404698	0.023669432682563638	0.00016846602824552672	0.0	0.18962246023749602	0.0	0.0	0.0	0.0	0.0	0.00044634483401050204	0.0	0.0	0.005299147216634425	0.001017326676471595	0.0	0.0	0.0	0.0	0.0	0.0	0.0	0.0	0.0	0.0	0.0	0.0	0.0	0.0	0.0	0.0	0.0	0.0	0.0	0.0	0.0	0.0	0.0	0.0	0.0	0.0	0.0	0.0	0.0	0.0	0.0	0.0	0.0	0.0	0.0	0.0	0.0	0.0	0.0	0.0	0.0	0.0	0.0	0.0	0.0	0.0
hs_cerebellar inhibitory GABAergic interneuron	0.0	0.0	0.0	1.8151846686392912e-05	0.0	0.0	0.0	0.0	0.0	0.0	0.0	0.0	0.0	0.0	0.0	0.0	0.0	0.0003628822681607479	0.0	0.0001589557499449024	0.0	0.0	0.0	0.03832457988093584	0.0	0.045463715144926475	0.0	0.7118299187267089	0.42439887073444404	0.0	0.0	0.0	0.0	0.0	0.0	0.0	0.0	0.0	0.0	0.0	0.0	0.0	0.0	0.0	0.0	0.0	0.0	0.0	0.0	0.0	0.0	0.0	0.0	0.0	0.0	0.0008606780059558278	0.0	0.0	0.0	0.0	0.02145653601240723	0.006795629907615046	0.0	0.0	7.026101159327828e-05	0.0	0.0	0.0	0.0	0.0	0.0	0.0	0.0	0.0	0.0	0.0	0.0	0.0	0.0	0.0	0.0	0.0	0.0	0.0	0.0	0.0	0.0	0.0	0.0	0.0	0.0	0.0	0.0	0.0	0.0	0.0	0.0	0.0	0.0	0.0	0.0	0.0	0.0	0.0	0.0	0.0	0.0	0.0	0.0	0.0	0.0	0.0	0.0	0.0	0.0	0.0	0.0	0.0	0.0	0.0
hs_cerebral cortex neuron	0.0	0.0	0.0	0.0	0.0	0.00025372360223554753	2.3542737028356497e-05	0.0	0.0	5.2694240985551834e-05	0.5690256556919541	6.276247660139922e-05	0.47903101246402524	0.0	0.0	0.0	5.711697179457711e-06	0.0003679003618195645	0.0	0.0013204359509669766	0.0	0.0	0.0	0.0	0.0	0.0	0.0	0.0	0.0	0.0	0.0	0.0	0.0	0.30568689782679315	0.0	0.0	0.0	0.0	0.0	0.0	7.46366927357896e-06	0.0	0.0	0.0	0.0	0.0002290038232669839	0.0	9.33707892634635e-06	0.0	0.0	0.0	0.0	0.0	0.0	0.07584845025242778	0.0	0.0	0.0	0.0	8.491799898542161e-05	0.0034569914273018185	0.0003900850529050856	0.0	0.0	0.0	0.0	0.0	0.0	0.0	0.0	0.0	0.0	0.0	1.1059809972792137e-06	0.0	0.0	0.0	0.0	0.0	0.0	0.0	0.0	0.0	0.0	0.0	0.0	0.0	0.0	0.0	0.0	0.0	0.0	0.0	0.0	0.0	0.0	0.0	0.0	0.0	0.0	0.0	0.0	0.0	0.0	0.0	0.0	0.0	0.0	0.0	0.0	0.0	0.0	0.0	0.0	0.0	0.0	0.0	0.0	0.0	0.0
hs_chandelier cell	0.0	0.0	0.0	1.3226894621610457e-05	0.0	0.0	0.0	0.0	0.0	0.0	0.0	0.0	0.0	0.0010688993963770869	0.0	0.0	0.0	0.001522316331375594	0.0	0.0028671315150637184	0.0	0.0	0.0	0.0	0.0	0.0	0.0	0.0	0.0	0.0	0.5903053346152285	0.0	0.0	0.0	0.0	0.0	0.0	4.1449414877555144e-05	0.0	0.0	0.0	0.0	0.0	0.0	0.0	0.0	1.3909087603202783e-05	0.0	0.0	0.0	0.0	0.00035531437234136013	0.0	0.0	0.0	0.0	0.0	0.0	0.0	0.0008366892816275747	0.004088710639594067	0.013984561058957193	5.59294233121583e-05	0.0	0.005436448297560595	0.0	0.0	0.0	0.0	0.0	0.0	0.0	0.0	0.0006613838911006647	4.834872638382689e-06	0.0	0.0	0.0	0.0	0.0	0.0	0.0	0.0	0.0	0.0	0.0	0.0	0.0	0.0	0.0	0.0	0.0	0.0	0.0	0.0	0.0	0.0	0.0	0.0	0.0	0.0	0.0	0.0	0.0	0.0	0.0	0.0	0.0	0.0	0.0	0.0	0.0	0.0	0.0	0.0	0.0	0.0	0.0	0.0	0.0
hs_dentate gyrus granule cell	0.0	0.0	0.0	4.8469845046722156e-06	0.0	0.0	7.306983475270573e-05	0.0	0.0	0.0	0.0	5.497478760125323e-06	0.0	0.0	0.0	1.0267115014787516e-05	0.0	4.5878614940038955e-06	0.0	3.219772051567389e-05	0.0	0.0	0.004775764003236232	0.0	0.0	0.0	0.0	0.0	0.0	0.0	0.0	0.0	0.00042030507681635064	0.0	0.0	0.9804934293601908	0.0	1.6952316007364044e-05	0.0	0.0	4.1314689681805775e-06	0.0	4.5428638242165864e-05	0.0	0.0	6.813800289330523e-06	0.0	0.0	0.0	0.0	0.0	0.0	0.0	0.0	0.0	0.0	0.0	0.0	0.0	0.000407864254867881	0.0002646568772644754	0.0002493187227813163	0.0	0.0	0.0	0.0	0.0	0.0	0.0	0.0	0.0	0.0	0.0008379463909703412	0.003690634206303553	0.0	0.0	0.0	0.0	0.0	0.0	0.0	0.0	0.0	0.0	0.0	0.0	0.0	0.0	0.0	0.0	0.0	0.0	0.0	0.0	0.0	0.0	0.0	0.0	0.0	0.0	0.0	0.0	0.0	0.0	0.0	0.0	0.0	0.0	0.0	0.0	0.0	0.0	0.0	0.0	0.0	0.0	0.0	0.0	0.0	0.0
hs_direct pathway medium spiny neuron	0.0	0.0	0.038455308208784685	0.02956072875858104	0.8354779330221943	1.686645487369606e-05	0.0	0.0	0.0	0.0	0.0	0.0	0.0	0.0	0.0	0.00010155515299492043	0.0	0.0	0.0	0.0	0.0	0.0	0.0	0.0	0.0	0.0	0.0	0.0	0.0	0.0	0.0	0.0	0.0	0.0	0.0	0.0013481557204820674	0.964554891961453	0.0	0.0	0.0	0.00010738320152900083	0.0	5.2576395986134206e-06	0.0	0.005385098479075846	0.0	0.0	0.0	0.0	0.0	0.0009596844150813319	3.9866107558997476e-05	0.0	0.0	0.0	6.879320062095291e-06	0.24091161192675922	0.0	0.0	0.001276269818794097	5.634676290501514e-05	0.0003243909392586654	0.0003607288876640331	0.0	0.0	0.0	0.0	0.0	0.0	0.0	0.0	0.0	0.0	0.0	0.0	0.0	0.0	0.0	0.0	0.0	0.0	0.0	0.0	0.0	0.0	0.0	0.0	0.0	0.0	0.0	0.0	0.0	0.0	0.0	0.0	0.0	0.0	0.0	0.0	0.0	0.0	0.0	0.0	0.0	0.0	0.0	0.0	0.0	0.0	0.0	0.0	0.0	0.0	0.0	0.0	0.0	0.0	0.0	0.0	0.0
hs_eccentric medium spiny neuron	0.0	0.0	0.8171404595765722	0.018268773821798832	0.008254480368230293	0.0	3.1035858753363516e-06	0.0	0.0	0.0	8.867416272126065e-06	0.0	7.168419791595603e-06	0.0	0.0	0.0	0.0	0.00048706832131507124	0.0	0.0	0.0	0.0	0.0	0.0	0.0	0.0	0.0	0.0	0.0	0.0	0.0	0.0	0.0	0.0	0.0	0.0	0.001349688960720724	0.0	0.0	0.0	9.813168070664224e-05	0.0	0.0	0.0	0.0010248085005930135	0.0	0.0	0.0	0.0	0.0	0.6550907810816473	0.0	0.0	0.0	0.0	1.475660404360985e-05	0.0028816750038235884	0.00022474140686997956	0.0002629701139713821	0.006104400245920813	0.00010938750430502648	0.0002475270212839417	0.024822183673204448	3.3989451836554534e-06	0.0	0.0	0.0	0.0	0.0	0.0	0.0	0.0	0.0	0.0	0.0	0.0	0.0	0.0	0.0	0.0	0.0	0.0	0.0	0.0	0.0	0.0	0.0	0.0	0.0	0.0	0.0	0.0	0.0	0.0	0.0	0.0	0.0	0.0	0.0	0.0	0.0	0.0	0.0	0.0	0.0	0.0	0.0	0.0	0.0	0.0	0.0	0.0	0.0	0.0	0.0	0.0	0.0	0.0	0.0	0.0
hs_hippocampal CA1-3 neuron	0.0	0.0	0.0	2.0492728184316315e-05	0.0	0.017064241420321896	0.010733141125921586	4.536148250870315e-05	0.043183485745244846	0.0	0.0005922492746368625	0.0007757255920219413	0.002360987953989031	0.0	0.0	0.028593956730143748	6.079153896207935e-06	1.9279987983026875e-05	0.0	0.0003504306995399287	0.0	0.0	1.345053969436736e-06	0.0	0.0	0.0	0.0	0.0	0.0	0.0	0.0	0.0	0.0	0.00024552022790761134	0.0	0.0028182388037328587	0.0	2.884944503545366e-06	0.024429027011272086	0.0	0.07482627297873248	0.0	0.8766751311382979	0.0	0.0	0.14899561720063617	0.0	0.0	0.0	0.0	0.0	1.8327414160460724e-05	0.0	0.0	1.6795399284652177e-05	0.0	0.0	0.0	0.0	0.00025254821882786496	0.00198802284848158	0.00027540199885833436	0.0	0.0	0.0	0.0	0.0	8.830466652991168e-07	0.0	0.0	0.0	0.0	0.0	4.6029858636326894e-06	0.0	0.0	0.0	0.0	0.0	0.0	0.0	0.0	0.0	0.0	0.0	0.0	0.0	0.0	0.0	0.0	0.0	0.0	0.0	0.0	0.0	0.0	0.0	0.0	0.0	0.0	0.0	0.0	0.0	0.0	0.0	0.0	0.0	0.0	0.0	0.0	0.0	0.0	0.0	0.0	0.0	0.0	0.0	0.0	0.0	0.0
hs_hippocampal CA4 neuron	0.0	6.952992917553971e-05	0.0	0.0	0.0	0.0	0.002582252744650705	0.011574123211308225	1.5694125203896356e-05	0.0	0.00046674931474757514	1.569024237491671e-05	0.0	0.0	1.680782632756256e-05	0.000147778397577339	1.5212491701200998e-05	3.0160134036773382e-05	0.0	6.535217966618698e-05	0.0	0.0	9.269574750204248e-06	0.0	0.0	0.0	0.0	0.0	0.0	0.0	0.0	0.0	0.0	0.0	0.0	0.01478526857609233	0.0	4.306948860241029e-05	0.0	0.0	7.171645447432174e-05	0.0	0.7900501629784801	0.0	0.0	0.04013645058691982	0.0	1.2915380861430329e-05	0.0	0.0	0.0	8.417609350001722e-05	0.0	0.0	3.863398726164712e-05	0.0	0.0	0.0	0.0	0.0002678063023126958	0.0004905611929139503	0.0001553640706537338	0.0	0.0	0.0	0.0	0.0	0.0	0.0	0.0	0.0	0.0	0.0	0.0	0.0	0.0	0.0	0.0	0.0	0.0	0.0	0.0	0.0	0.0	0.0	0.0	0.0	0.0	0.0	0.0	0.0	0.0	0.0	0.0	0.0	0.0	0.0	0.0	0.0	0.0	0.0	0.0	0.0	0.0	0.0	0.0	0.0	0.0	0.0	0.0	0.0	0.0	0.0	0.0	0.0	0.0	0.0	0.0	0.0	0.0
hs_indirect pathway medium spiny neuron	0.0	0.0	0.0004584331106136502	0.013412763002719425	4.2207396310142544e-05	0.0	1.0440109341420953e-05	0.0	0.0	0.0	6.451788763425228e-06	0.0	2.910324432327017e-06	0.0	0.0	1.8687841396413736e-05	0.0	0.0	0.0	0.0	0.0	0.0	0.0	0.0	0.0	0.0	0.0	0.0	0.0	0.0	0.0	0.0	0.0	0.0	0.0	0.0021331748490907585	0.0018736420481724723	0.0	0.0	0.0	6.680632002002674e-06	0.0	6.151750850481547e-05	0.0	0.970187927607955	0.0	0.0	0.0	0.0	0.0	0.00015991363783704075	0.0	0.0	0.0	0.0	0.0	0.015310510962398643	6.0170672534569086e-05	0.0	0.00032516414174257896	0.0	7.222843025230472e-06	0.0	0.0	0.0	0.0	0.0	0.0	0.0	0.0	0.0	0.0	0.0	0.0	0.0	0.0	0.0	0.0	0.0	0.0	0.0	0.0	0.0	0.0	0.0	0.0	0.0	0.0	0.0	0.0	0.0	0.0	0.0	0.0	0.0	0.0	0.0	0.0	0.0	0.0	0.0	0.0	0.0	0.0	0.0	0.0	0.0	0.0	0.0	0.0	0.0	0.0	0.0	0.0	0.0	0.0	0.0	0.0	0.0	0.0
hs_intratelencephalic-projecting glutamatergic cortical neuron	0.0	0.0	0.0	0.0	0.0	0.01223105546397083	0.026871600429615762	0.5537267721876102	0.006183377690569281	0.04352571926006328	0.0014047859667575566	0.13587492120424358	0.0010122511613932707	0.0	0.0	0.012533460245839336	0.0	2.628486651904248e-06	0.0	0.0001243126177181877	0.0	0.0	0.0	0.0	0.0	0.0	0.0	0.0	0.0	0.0	0.0	0.0	0.0	0.00355139153283923	0.0	0.0002108003741651642	0.0	0.0	0.0	0.0	0.00478077621533984	0.0	0.0012339380138130442	0.0	0.0	0.04053861417187198	0.0	0.0	0.0	0.0	4.665647662648255e-05	5.680241465744953e-05	0.0	0.0	0.0004182026898883334	0.0	0.0	0.0	0.0	9.208700630063029e-05	0.0009109485801551137	0.0	0.0	0.0	4.743180990561681e-06	0.0	0.0	0.0	0.0	0.0	0.0001927889191886442	0.0	0.0	0.0	1.1963250530593191e-05	0.0	0.0	0.0	0.0	0.0	0.0	0.0	0.0	0.0	0.0	0.0	0.0	0.0	0.0	0.0	0.0	0.0	0.0	0.0	0.0	0.0	0.0	0.0	0.0	0.0	0.0	0.0	0.0	0.0	0.0	0.0	0.0	0.0	0.0	0.0	0.0	0.0	0.0	0.0	0.0	0.0	0.0	0.0	0.0	0.0
hs_lamp5 GABAergic cortical interneuron	0.0	0.003336766899493251	2.385302933628561e-05	0.0276277211723694	0.0006397550063708908	2.304272392370544e-05	0.0	0.0	0.0	0.0	6.444198367555555e-06	0.0	0.0	0.05239588848365636	0.0	6.209089663634579e-05	0.00012590698542629342	0.0003210383729092593	0.0	0.004181283847732975	0.0	0.0	0.0001127568369248108	0.0	0.005351509186378639	3.135973093499008e-05	0.0	0.0007464607987347067	0.00036686241909457775	0.0	0.0	0.0	0.0	0.0	0.0	5.6729898694686745e-06	4.166050262068009e-05	7.768401980050939e-05	0.0	0.0	0.00018743915824512126	0.0	4.375122968324297e-06	0.0	3.716574172948865e-06	4.1495161919818396e-05	0.8727737548797556	0.0	0.0	0.0	0.028277512035302516	0.0008115964905148331	0.0	0.0	0.0	0.0	0.00013850723520065196	0.0	0.0	0.007059170668308396	0.0030827229471479312	0.009828468419274603	0.01579706508061521	0.0	0.00011248807896566232	0.0	0.008570657744665389	0.0002978089985469604	2.5007985816277396e-06	0.0	0.0	0.0	0.0	0.0002873577938987355	0.0007906076754685052	0.0	0.0	0.0	0.0	0.0	0.0	0.0	0.0	0.0	0.0	0.0	0.0	0.0	0.0	0.0	0.0	0.0	0.0	0.0	0.0	0.0	0.0	0.0	0.0	0.0	0.0	0.0	0.0	0.0	0.0	0.0	0.0	0.0	0.0	0.0	0.0	0.0	0.0	0.0	0.0	0.0	0.0	0.0	0.0	0.0
hs_mammillary body neuron	0.0	0.0	0.0	0.0	0.0	0.0	0.0	0.0	0.0	0.0	0.0	0.0	0.0	0.0	0.0	0.0	1.228492912260108e-05	0.0	0.0	2.202264227062716e-05	0.0	0.0	7.914278358749973e-06	0.0	0.0	0.0	0.0	0.0	0.0	0.0	0.0	0.0	0.0	0.0	0.0	0.0	0.0	2.9835518929021923e-05	0.0	0.0	0.010214031615699604	0.0	0.0	0.0	0.0	0.0	0.0	0.0	0.9002608540441681	0.0	0.0	0.0	0.0	0.0	0.0	0.0	0.0	0.0	0.0	0.0	0.004053692704687686	0.004225382157952308	0.0	0.0	0.0	0.0	0.0	0.0	0.0	0.0	0.0	0.00020285160927324496	0.0	1.0554834432170552e-05	0.0	0.0	0.0	0.0	0.0	0.0	0.0	0.0	0.0	0.0	0.0	0.0	0.0	0.0	0.0	0.0	0.0	0.0	0.0	0.0	0.0	0.0	0.0	0.0	0.0	0.0	0.0	0.0	0.0	0.0	0.0	0.0	0.0	0.0	0.0	0.0	0.0	0.0	0.0	0.0	0.0	0.0	0.0	0.0	0.0	0.0
hs_medium spiny neuron	0.0	0.0	0.006973767412412438	0.19269588969090895	0.0265704877580721	0.0	0.0	0.0	0.0	0.0	0.0	0.0	0.0	0.0	0.0	7.999705323295087e-06	0.0	0.0	0.0	0.0	0.0	0.0	0.0	0.0	0.0	0.0	0.0	0.0	0.0	0.0	0.0	0.0	0.0	0.0	0.0	0.0008828155068102536	0.3962899861728638	0.0	0.0	0.0	0.0	0.0	0.0	0.0	0.007690188831468174	0.0	0.0	0.0	0.0	0.0	0.00046132111624605987	0.0	0.0	0.0	0.0	0.0	0.03946025382836414	0.0	0.0	2.1304763241563295e-05	0.0	1.817239089892337e-05	0.0	0.0	0.0	0.0	0.0	0.0	0.0	0.0	0.0	0.0	0.0	0.0	0.0	0.0	0.0	0.0	0.0	0.0	0.0	0.0	0.0	0.0	0.0	0.0	0.0	0.0	0.0	0.0	0.0	0.0	0.0	0.0	0.0	0.0	0.0	0.0	0.0	0.0	0.0	0.0	0.0	0.0	0.0	0.0	0.0	0.0	0.0	0.0	0.0	0.0	0.0	0.0	0.0	0.0	0.0	0.0	0.0	0.0
hs_midbrain-derived inhibitory neuron	0.0	0.0	0.0	0.9059673062108635	0.0	0.0	6.80528011586947e-05	1.4184602276206848e-05	0.0	0.0	0.0	0.0	0.0	5.978151956433621e-05	0.0	0.0	0.0009664678138928488	0.006557648285383283	0.0	0.0023772152954036965	0.0	0.0	8.614083859118145e-06	0.0	0.00022280610004035998	0.0003491745930160422	0.0	4.4458550664801815e-07	0.006824356577160665	0.0	0.0	0.0	3.7451516240797524e-05	0.0	0.0	0.0	0.0	8.390394540588585e-05	0.0	0.0	0.0021906849939777513	0.0	0.0	0.0001050298053364205	0.0	5.303627680678439e-05	0.006394923169972182	0.0	0.0	0.0	0.0037599401530723177	0.0006188938002635449	0.0	0.0	0.000101113103065287	0.0001860728979259807	0.0	0.0	0.002753445816111773	0.05457931275985941	0.006257458251296042	0.009866756380511977	0.04735938993819845	0.00018125132262769068	0.00012490809193984895	0.003032101111069891	0.0004430155881156868	0.0002603286108078077	0.0	0.0	0.0018311349576777707	0.0003584053402235736	6.559021657805773e-07	0.0003508241256898498	0.0008007258214708098	0.0	0.0	0.0	0.0	0.0	0.0	0.0	0.0	0.0	0.0	0.0	0.0	0.0	0.0	0.0	0.0	0.0	0.0	0.0	0.0	0.0	0.0	0.0	0.0	0.0	0.0	0.0	0.0	0.0	0.0	0.0	0.0	0.0	0.0	0.0	0.0	0.0	0.0	0.0	0.0	0.0	0.0	0.0	0.0	0.0
hs_molecular layer interneuron	0.0	0.0	0.0	0.0	0.0	0.0	0.0	0.0	0.0	0.0	0.0	0.0	0.0	0.0	0.0	0.0	0.0	0.0	0.0	0.0	0.0	0.0	0.00016994139502743015	0.08491556153810823	0.0	0.037591784239706036	0.0	0.02209270585615032	0.9755642301683769	0.0	0.0	0.0	0.0	0.0	0.0	0.0	0.0	7.375670111873914e-06	0.0	0.0	0.0	0.0	0.0	0.0	0.0	0.0	0.0	0.0	0.0	0.0	0.0	0.0	0.0	0.0	0.0	0.0	0.0	0.0	0.0	0.0002497218539876109	0.01614311824948257	0.0024138871174978443	1.216332019954001e-05	0.0	0.0	0.0	0.0	0.0	0.0	0.0	0.0	0.0	0.0	0.0	0.0	0.0	0.0	0.0	0.0	0.0	0.0	0.0	0.0	0.0	0.0	0.0	0.0	0.0	0.0	0.0	0.0	0.0	0.0	0.0	0.0	0.0	0.0	0.0	0.0	0.0	0.0	0.0	0.0	0.0	0.0	0.0	0.0	0.0	0.0	0.0	0.0	0.0	0.0	0.0	0.0	0.0	0.0	0.0	0.0	0.0
hs_monocyte	0.0	0.0	0.0	0.0	0.0	0.0	0.0	0.0	0.0	0.0	0.0	0.0	0.0	0.0	0.0	0.0	0.029287438075201427	0.0	0.0	0.0	0.0	0.9575568865328578	0.0	0.0	0.0	0.0	0.0	0.0	0.0	0.0	0.0	0.0	0.0005340657724268863	0.0	0.9514906287964726	0.0	0.0	0.011445250685780577	0.0	0.0	0.0	0.0	0.0	0.0	0.0	0.0	0.0	0.002545220099739177	0.0	0.0	0.0	0.9436947984772747	0.0	0.6813029049428008	0.0	0.0	0.0	0.0	0.0	0.0	0.0	0.0	0.0	0.0	0.0	0.0	0.0	0.0	0.0	0.0	0.0	0.0	0.0	0.0	0.0	0.0	0.0	0.0	0.0	0.0	0.0	0.0	0.0	0.0	0.0	0.0	0.0	0.0	0.0	0.0	0.0	0.0	0.0	0.0	0.0	0.0	0.0	0.0	0.0	0.0	0.0	0.0	0.0	0.0	0.0	0.0	0.0	0.0	0.0	0.0	0.0	0.0	0.0	0.0	0.0	0.0	0.0	0.0	0.0	0.0
hs_natural killer cell	0.0	0.0	0.0	0.0	0.0	0.0	0.0	0.0	0.0	0.0	0.0	0.0	0.0	0.0	0.0	0.0	0.0	0.0	0.0	0.0	0.0	0.0	0.0	0.0	0.0	0.0	0.0	0.0	0.0	0.0	0.0	0.0	0.0	0.0	3.720134226167352e-05	0.0	0.0	0.0002983569728084149	0.0	0.0	0.0	0.0	0.0	0.0	0.0	0.0	0.0	0.9953573502997637	0.0	0.0	0.0	0.0	0.0	0.0	0.0	0.0	0.0	0.0	0.0	0.0	0.0	0.0	0.0	0.0	0.0	0.0	0.0	0.0	0.0	0.0	0.0	0.0	0.0	0.0	0.0	0.0	0.0	0.0	0.0	0.0	0.0	0.0	0.0	0.0	0.0	0.0	0.0	0.0	0.0	0.0	0.0	0.0	0.0	0.0	0.0	0.0	0.0	0.0	0.0	0.0	0.0	0.0	0.0	0.0	0.0	0.0	0.0	0.0	0.0	0.0	0.0	0.0	0.0	0.0	0.0	0.0	0.0	0.0	0.0	0.0
hs_near-projecting glutamatergic cortical neuron	0.0	0.0	0.0	0.0	0.0	0.0	9.364869774518685e-05	0.0	0.0	0.0	0.13750743502407842	0.0	0.027410377087632637	0.0	0.0	0.00041001796739030045	0.0	0.0	0.0	0.0	0.0	0.0	0.0	0.0	0.0	0.0	0.0	0.0	0.0	0.0	0.0	0.0	0.0	0.0025844281804225247	0.0	0.0	0.0	0.0	0.0	0.0	0.0004126290742179103	0.0	0.0	0.0	0.0	0.0	0.0	0.0	0.0	0.0	0.0	0.0	0.0	0.0	0.6053638644567346	0.0	0.0	0.0	0.0	0.0	0.0	0.0	0.0	0.0	0.0	0.0	0.0	0.0	0.0	0.0	0.0	0.0	0.0	0.0	0.0	0.0	0.0	0.0	0.0	0.0	0.0	0.0	0.0	0.0	0.0	0.0	0.0	0.0	0.0	0.0	0.0	0.0	0.0	0.0	0.0	0.0	0.0	0.0	0.0	0.0	0.0	0.0	0.0	0.0	0.0	0.0	0.0	0.0	0.0	0.0	0.0	0.0	0.0	0.0	0.0	0.0	0.0	0.0	0.0	0.0
hs_neuron	0.35376117225532466	0.7490967313249776	3.222748263311697e-07	0.8477767056650508	0.0007853414575125014	0.00018214924407892688	0.0009078723202133942	0.0	0.0	0.0	5.987697435811978e-07	0.0	0.0	1.1631272935728391e-05	0.006138744744871539	0.1284500616387172	0.32875610300849784	0.8320146942386397	0.41154514017759664	0.6642899517842218	0.23542906258833057	0.0	0.05426535378879297	0.051356219045958426	0.00023826293024592726	0.12646519965172498	0.002862865150456383	0.010164241344017885	0.0001461712862298199	0.7471078397029579	0.001487189459617771	0.8401571002777916	0.7975235720995528	0.0	0.0	0.0035975929159103408	0.0	0.1663610146172195	0.40839764790807004	0.32637140783397933	0.8112055411132877	0.6546132859112742	7.564221320908329e-06	0.3533514446090972	4.2247831725061385e-07	0.0017961366432914174	4.478125023452827e-05	0.0034145261868605793	0.031208119141242892	0.8457792355006744	0.03252840722713618	0.001041575191436706	0.9611848697133393	0.0	0.000366830530809146	0.9580103146893567	0.11589166809737325	0.20861069632005194	0.09820823602640476	0.6176113567545276	0.8138217971342506	0.3240722938727759	0.31534051841219585	0.31232840949365326	0.0025821130187923423	0.8172684238181258	0.00025429453071724843	0.00039818357719400963	0.030851270134513914	0.41419286160624236	0.001091303116333452	0.0015998968907103175	0.010039962080166703	0.2559892398605865	3.738381483251241e-05	0.0	0.0	0.0	0.0	0.0	0.0	0.0	0.0	0.0	0.0	0.0	0.0	0.0	0.0	0.0	0.0	0.0	0.0	0.0	0.0	0.0	0.0	0.0	0.0	0.0	0.0	0.0	0.0	0.0	0.0	0.0	0.0	0.0	0.0	0.0	0.0	0.0	0.0	0.0	0.0	0.0	0.0	0.0	0.0	0.0
hs_pvalb GABAergic cortical interneuron	0.0	0.0	0.0	0.000150608078687092	0.00012144704256576461	0.0	0.0	0.0	0.0	0.0	0.0	0.0	0.0	0.0031534450583236896	1.5413094358648977e-06	0.0	3.462781094326545e-06	0.0019511800447491884	0.0	0.0041729740658876715	0.0	0.0	0.0003111292121535651	0.0	0.0	8.154137517635722e-05	0.0	1.1633552564312945e-05	2.0211202607537478e-05	0.0	0.14077963239618874	0.0	0.0	0.0	0.0	0.0	0.0	9.902343169046136e-05	0.0	0.0	1.016326724005156e-05	0.0	0.0	0.0	0.0	0.0	0.0006208404282251132	3.805447778727285e-05	0.0	0.0	0.0	0.0005193022478418086	0.0	0.0	0.0	0.0	0.0	0.0	0.0001454862175758709	0.006107704317511805	0.004991091811889166	0.0034096038073957494	0.008380960500855562	2.0855004169365283e-06	0.92842182529205	0.0	0.0	0.012536615480862745	0.0	0.0	0.0	0.0	0.00014668203187827034	1.3197203533407519e-05	1.8979870209685949e-06	0.0	0.0	0.0	0.0	0.0	0.0	0.0	0.0	0.0	0.0	0.0	0.0	0.0	0.0	0.0	0.0	0.0	0.0	0.0	0.0	0.0	0.0	0.0	0.0	0.0	0.0	0.0	0.0	0.0	0.0	0.0	0.0	0.0	0.0	0.0	0.0	0.0	0.0	0.0	0.0	0.0	0.0	0.0	0.0	0.0
hs_sncg GABAergic cortical interneuron	0.0	1.8417770183349266e-05	0.0	0.0010272182099583494	0.0	0.0	2.594368463236968e-06	0.0	0.0	0.0	1.6101399989134855e-06	0.0	0.0	0.0	0.0	0.0	0.0	0.0015294979477622126	0.0	0.01309834004740884	0.0	0.0	0.00044713575382513933	0.0	0.0	4.528316441584141e-05	0.0	0.0	0.0	0.0	0.0	0.0	0.0	0.0	0.0	2.7107550855166083e-06	0.0	9.074893903248226e-05	0.0	0.0	1.540493702114079e-05	0.0	0.0	0.0	0.0	0.0	0.3081134881245455	0.0	0.0	0.0	0.0	0.0005923705989159737	0.0	0.0	0.0	0.0	0.0	0.0	0.0	0.0007782753889876808	0.0030496216992981317	0.0037207312894933764	0.00019562339609063015	0.0	0.0	0.0	0.13822912069609988	3.744605414543989e-05	0.0	0.0	0.0	0.0	1.5846266399441678e-05	3.1247931942421665e-05	0.07666258726381812	0.0	0.0	0.0	0.0	0.0	0.0	0.0	0.0	0.0	0.0	0.0	0.0	0.0	0.0	0.0	0.0	0.0	0.0	0.0	0.0	0.0	0.0	0.0	0.0	0.0	0.0	0.0	0.0	0.0	0.0	0.0	0.0	0.0	0.0	0.0	0.0	0.0	0.0	0.0	0.0	0.0	0.0	0.0	0.0	0.0
hs_sst GABAergic cortical interneuron	8.534610036831695e-05	0.0020155738025218863	0.0	0.0009458470560824615	0.00020168183524708942	0.0	0.00022195148209315824	1.2729991564427434e-05	0.0	1.0726103117170227e-05	4.09032656349686e-05	1.6499939433621405e-06	0.0	0.006547658572587324	0.0	0.0	0.00348089671367989	0.0028963775323230167	0.0	0.007184467798635999	0.0004929731224036984	0.0	0.00016930295895608937	0.0	0.006630288754835072	0.0	0.0	3.0379907807100275e-06	7.45064231818251e-05	0.0	0.005902164132131474	0.0	0.0	0.0	0.0	7.271797098755763e-05	0.0	0.0001778282631171889	6.820119446980168e-05	0.00019121564499028956	0.00013641494477773796	0.0	0.0	0.0007270096260108034	1.7229174341600293e-05	3.1605369178747624e-05	0.002367478355383903	0.00010224237137806571	0.0	0.03215869934080765	0.0	0.002903238012747728	0.0	0.0	0.0	2.7204002534035157e-06	0.0	0.0	0.002577172800912122	0.04437860186694717	0.018890738149983537	0.02005220341960374	0.16288825477381838	0.0005241955351628122	0.1262572242146783	0.0	0.0	0.884882374641033	0.003780671005025041	0.0	0.0	0.0	0.00021434079947748203	0.0011966847777641547	8.702716958591502e-05	0.0	0.0	0.0	0.0	0.0	0.0	0.0	0.0	0.0	0.0	0.0	0.0	0.0	0.0	0.0	0.0	0.0	0.0	0.0	0.0	0.0	0.0	0.0	0.0	0.0	0.0	0.0	0.0	0.0	0.0	0.0	0.0	0.0	0.0	0.0	0.0	0.0	0.0	0.0	0.0	0.0	0.0	0.0	0.0	0.0
hs_sst chodl GABAergic cortical interneuron	0.0	0.0	0.0	0.002692549752693048	5.164285041678215e-05	0.0	0.0	0.0	0.0	0.0	0.0	0.0	0.0	0.0	0.0	0.0	0.0	0.0	0.0	0.0	0.0	0.0	0.0	0.0	0.0	0.0	0.0	0.0	0.0	0.0	0.0	0.0	0.0	0.0	0.0	0.0	0.0	0.0	0.0	0.0	0.0	0.0	0.0	0.0	0.0	0.0	0.0	0.0	0.0	0.0	0.0	0.0	0.0	0.0	0.0	0.0	0.0	0.0	0.052754022749337895	0.0007848711071879666	0.0033177018846338156	0.003778170548398207	0.000352138302064931	0.0	0.0	0.0	0.0	0.3000912654891433	0.9218747126398126	0.0	0.0	0.0	0.0	0.0	0.0	0.0	0.0	0.0	0.0	0.0	0.0	0.0	0.0	0.0	0.0	0.0	0.0	0.0	0.0	0.0	0.0	0.0	0.0	0.0	0.0	0.0	0.0	0.0	0.0	0.0	0.0	0.0	0.0	0.0	0.0	0.0	0.0	0.0	0.0	0.0	0.0	0.0	0.0	0.0	0.0	0.0	0.0	0.0	0.0	0.0
hs_thalamic excitatory neuron	0.0	0.0	0.0	2.980965848653839e-05	0.0	0.0	0.00046916022712061294	2.616527495394448e-05	0.0	0.0	1.0924197198421225e-06	0.0	0.0	0.0	0.0	0.0	0.0	0.001752215200159815	0.0	9.565437333044866e-05	0.0	0.0	0.04409425792002538	0.0	0.0	0.0	0.0	0.0	0.0	0.0	0.0	0.0	0.0	0.0	0.0	0.0	0.0	0.027308705486844997	0.0	0.0	0.030640269634124744	0.0	0.0	0.0	0.0	0.00013591272550083977	0.0	0.0	0.0	0.0	0.0	0.0	0.0	0.0	3.210251242961321e-05	0.0	0.0	0.0	0.0	8.025788033071982e-06	0.011592097485739992	0.0016123576361578053	0.0	0.0	0.0	0.0	0.0	0.0	0.0	0.0	0.9785095077617791	0.0	0.1782437578320504	0.026947716568583448	0.0	0.0	0.0	0.0	0.0	0.0	0.0	0.0	0.0	0.0	0.0	0.0	0.0	0.0	0.0	0.0	0.0	0.0	0.0	0.0	0.0	0.0	0.0	0.0	0.0	0.0	0.0	0.0	0.0	0.0	0.0	0.0	0.0	0.0	0.0	0.0	0.0	0.0	0.0	0.0	0.0	0.0	0.0	0.0	0.0	0.0
hs_unipolar brush cell	0.08040488800480707	0.0	0.0	0.0	0.0	0.0	0.0	2.22555064116485e-05	0.0	0.0	9.190634054202398e-05	0.0	3.359123938386454e-05	0.0	0.0	0.0	0.0	0.002190690159979843	0.0008007184741330674	0.0014530082014149238	0.0	0.0	0.005249313469381669	0.0	0.0	0.0	0.023905065000052017	0.0	0.0	0.0	0.0	0.0	0.0	0.0	0.0	0.0	0.0	0.0	0.0	0.0008492028399146421	1.2061363066676728e-05	0.0	0.0	5.167181514900093e-05	0.0	0.0	0.0	0.0	0.0	0.0	0.0	0.0	0.0	0.0	0.0	0.0	0.0	0.0	0.0	0.0	0.012906959784821943	0.0016716178417386252	0.0	0.0	0.0	0.0	0.0	0.0	0.0	0.0	0.0	0.9891158495694231	0.00709231964401157	0.0	0.0	0.0	0.0	0.0	0.0	0.0	0.0	0.0	0.0	0.0	0.0	0.0	0.0	0.0	0.0	0.0	0.0	0.0	0.0	0.0	0.0	0.0	0.0	0.0	0.0	0.0	0.0	0.0	0.0	0.0	0.0	0.0	0.0	0.0	0.0	0.0	0.0	0.0	0.0	0.0	0.0	0.0	0.0	0.0	0.0	0.0
hs_vip GABAergic cortical interneuron	9.563381218855518e-05	0.0021056204589278427	0.0	0.0004921813301514475	0.0	0.0	3.834230610213534e-05	7.485151588820102e-06	0.0	0.0	0.0	0.0	0.0	0.0	0.0	0.0	0.0003081789268051145	0.0033515298003512924	0.0	0.008363740679220253	0.0	0.0	4.629612585506729e-05	0.0	0.7261489785814343	0.0	0.0	0.0	4.832166267088391e-05	0.0	0.0008852628911436893	0.0	0.0	0.0	0.0	0.0020910827383529345	0.0	0.0005323266859017019	0.0	0.0	0.00019704991015547483	0.0	7.849567830092224e-06	0.0	0.0	5.970556531871888e-05	0.03914294140466819	0.0	0.0	0.0	0.00022177364104057122	0.0006010395177679891	0.0	0.0	3.710206896050333e-06	0.0	0.0	0.0	0.0073644371168848895	0.004088316107879415	0.006236312370251255	0.2991403570636122	0.009206729964015357	1.5533326491502205e-05	0.0020954079776519673	0.0	0.9416126169345551	0.0003259644054548006	0.0	0.0	0.0	0.0	0.0	0.041154727407758204	0.9772408260494109	0.0	0.0	0.0	0.0	0.0	0.0	0.0	0.0	0.0	0.0	0.0	0.0	0.0	0.0	0.0	0.0	0.0	0.0	0.0	0.0	0.0	0.0	0.0	0.0	0.0	0.0	0.0	0.0	0.0	0.0	0.0	0.0	0.0	0.0	0.0	0.0	0.0	0.0	0.0	0.0	0.0	0.0	0.0	0.0	0.0
hs_von Economo neuron	0.0	0.0	0.0	0.0	0.0	0.0005062402011058897	0.0	0.0	0.8561419561070039	0.0	0.0	0.0	0.0007713361331861057	0.0	0.0	0.0	0.0	0.0	0.0	0.0	0.0	0.0	0.0	0.0	0.0	0.0	0.0	0.0	0.0	0.0	0.0	0.0	0.0	0.0	0.0	0.0	0.0	0.0	0.0	0.0	3.5469233046773465e-06	0.0	0.0	0.0	0.0	8.423177094006186e-06	0.0	0.0	0.0	0.0	0.0	0.0	0.0	0.0	0.0	0.0	0.0	0.0	0.0	0.0	0.0	0.0	0.0	0.0	0.0	0.0	0.0	0.0	0.0	0.0	0.0	0.0	0.0	0.0	0.0	0.0	0.0	0.0	0.0	0.0	0.0	0.0	0.0	0.0	0.0	0.0	0.0	0.0	0.0	0.0	0.0	0.0	0.0	0.0	0.0	0.0	0.0	0.0	0.0	0.0	0.0	0.0	0.0	0.0	0.0	0.0	0.0	0.0	0.0	0.0	0.0	0.0	0.0	0.0	0.0	0.0	0.0	0.0	0.0	0.0
